
CH32V103R8T6.elf:     file format elf32-littleriscv
CH32V103R8T6.elf
architecture: riscv:rv32, flags 0x00000112:
EXEC_P, HAS_SYMS, D_PAGED
start address 0x00000000

Program Header:
    LOAD off    0x00001000 vaddr 0x00000000 paddr 0x00000000 align 2**12
         filesz 0x00001ed8 memsz 0x00001ed8 flags r-x
    LOAD off    0x00003000 vaddr 0x20000000 paddr 0x00001ed8 align 2**12
         filesz 0x00000098 memsz 0x000009f0 flags rw-
    LOAD off    0x00003800 vaddr 0x20004800 paddr 0x20004800 align 2**12
         filesz 0x00000000 memsz 0x00000800 flags rw-

Sections:
Idx Name          Size      VMA       LMA       File off  Algn
  0 .init         00000038  00000000  00000000  00001000  2**1
                  CONTENTS, ALLOC, LOAD, READONLY, CODE
  1 .vector       00000108  00000038  00000038  00001038  2**1
                  CONTENTS, ALLOC, LOAD, READONLY, CODE
  2 .text         00001d98  00000140  00000140  00001140  2**2
                  CONTENTS, ALLOC, LOAD, READONLY, CODE
  3 .fini         00000000  00001ed8  00001ed8  00003098  2**0
                  CONTENTS, ALLOC, LOAD, CODE
  4 .dalign       00000000  20000000  20000000  00003098  2**0
                  CONTENTS
  5 .dlalign      00000000  00001ed8  00001ed8  00003098  2**0
                  CONTENTS
  6 .data         00000098  20000000  00001ed8  00003000  2**2
                  CONTENTS, ALLOC, LOAD, DATA
  7 .bss          00000958  20000098  00001f70  00003098  2**2
                  ALLOC
  8 .stack        00000800  20004800  20004800  00003800  2**0
                  ALLOC
  9 .debug_info   00009cd2  00000000  00000000  00003098  2**0
                  CONTENTS, READONLY, DEBUGGING
 10 .debug_abbrev 00001ca0  00000000  00000000  0000cd6a  2**0
                  CONTENTS, READONLY, DEBUGGING
 11 .debug_loc    00003d24  00000000  00000000  0000ea0a  2**0
                  CONTENTS, READONLY, DEBUGGING
 12 .debug_aranges 000008f8  00000000  00000000  00012730  2**3
                  CONTENTS, READONLY, DEBUGGING
 13 .debug_ranges 000008a8  00000000  00000000  00013028  2**3
                  CONTENTS, READONLY, DEBUGGING
 14 .debug_line   0000aa53  00000000  00000000  000138d0  2**0
                  CONTENTS, READONLY, DEBUGGING
 15 .debug_str    00003571  00000000  00000000  0001e323  2**0
                  CONTENTS, READONLY, DEBUGGING
 16 .comment      00000033  00000000  00000000  00021894  2**0
                  CONTENTS, READONLY
 17 .debug_frame  000019b0  00000000  00000000  000218c8  2**2
                  CONTENTS, READONLY, DEBUGGING
 18 .stab         00000084  00000000  00000000  00023278  2**2
                  CONTENTS, READONLY, DEBUGGING
 19 .stabstr      00000117  00000000  00000000  000232fc  2**0
                  CONTENTS, READONLY, DEBUGGING
SYMBOL TABLE:
00000000 l    d  .init	00000000 .init
00000038 l    d  .vector	00000000 .vector
00000140 l    d  .text	00000000 .text
00001ed8 l    d  .fini	00000000 .fini
20000000 l    d  .dalign	00000000 .dalign
00001ed8 l    d  .dlalign	00000000 .dlalign
20000000 l    d  .data	00000000 .data
20000098 l    d  .bss	00000000 .bss
20004800 l    d  .stack	00000000 .stack
00000000 l    d  .debug_info	00000000 .debug_info
00000000 l    d  .debug_abbrev	00000000 .debug_abbrev
00000000 l    d  .debug_loc	00000000 .debug_loc
00000000 l    d  .debug_aranges	00000000 .debug_aranges
00000000 l    d  .debug_ranges	00000000 .debug_ranges
00000000 l    d  .debug_line	00000000 .debug_line
00000000 l    d  .debug_str	00000000 .debug_str
00000000 l    d  .comment	00000000 .comment
00000000 l    d  .debug_frame	00000000 .debug_frame
00000000 l    d  .stab	00000000 .stab
00000000 l    d  .stabstr	00000000 .stabstr
00000000 l    df *ABS*	00000000 ./Startup/startup_ch32v10x.o
00000038 l       .vector	00000000 _vector_base
00000000 l    df *ABS*	00000000 app.c
20000098 l     O .bss	00000004 last_measure_tick.4551
2000009c l     O .bss	00000004 last_modulate_tick.4552
00000000 l    df *ABS*	00000000 hardware.c
00000000 l    df *ABS*	00000000 ch32v10x_it.c
00000000 l    df *ABS*	00000000 main.c
00000000 l    df *ABS*	00000000 system_ch32v10x.c
00000000 l    df *ABS*	00000000 ch32v10x_adc.c
00000000 l    df *ABS*	00000000 ch32v10x_dma.c
00000000 l    df *ABS*	00000000 ch32v10x_gpio.c
00000000 l    df *ABS*	00000000 ch32v10x_misc.c
00000000 l    df *ABS*	00000000 ch32v10x_rcc.c
20000010 l     O .data	00000010 APBAHBPrescTable
20000084 l     O .data	00000004 ADCPrescTable
00000000 l    df *ABS*	00000000 ch32v10x_tim.c
00000000 l    df *ABS*	00000000 ch32v10x_usart.c
00000000 l    df *ABS*	00000000 debug.c
200000b0 l     O .bss	00000002 p_ms
200000b2 l     O .bss	00000001 p_us
20000088 l     O .data	00000004 curbrk.4187
00000000 l    df *ABS*	00000000 puts.c
00000000 l    df *ABS*	00000000 wbuf.c
00000000 l    df *ABS*	00000000 wsetup.c
00000000 l    df *ABS*	00000000 fflush.c
00000000 l    df *ABS*	00000000 findfp.c
00001762 l     F .text	0000006a std
00000000 l    df *ABS*	00000000 fwalk.c
00000000 l    df *ABS*	00000000 makebuf.c
00000000 l    df *ABS*	00000000 nano-mallocr.c
00000000 l    df *ABS*	00000000 nano-mallocr.c
00000000 l    df *ABS*	00000000 sbrkr.c
00000000 l    df *ABS*	00000000 stdio.c
00000000 l    df *ABS*	00000000 writer.c
00000000 l    df *ABS*	00000000 closer.c
00000000 l    df *ABS*	00000000 fstatr.c
00000000 l    df *ABS*	00000000 isattyr.c
00000000 l    df *ABS*	00000000 lseekr.c
00000000 l    df *ABS*	00000000 mlock.c
00000000 l    df *ABS*	00000000 readr.c
00000000 l    df *ABS*	00000000 close.c
00000000 l    df *ABS*	00000000 fstat.c
00000000 l    df *ABS*	00000000 isatty.c
00000000 l    df *ABS*	00000000 lseek.c
00000000 l    df *ABS*	00000000 read.c
00000000 l    df *ABS*	00000000 impure.c
20000020 l     O .data	00000060 impure_data
00000000 l    df *ABS*	00000000 reent.c
00000896  w      .text	00000000 EXTI2_IRQHandler
00001d54 g     F .text	00000028 _isatty_r
00001312 g     F .text	000000da _puts_r
00001d7c g     F .text	0000002c _lseek_r
00000d38 g     F .text	00000014 DMA_Cmd
20000880 g       .data	00000000 __global_pointer$
00000148 g     F .text	00000028 .hidden __riscv_save_8
00000896  w      .text	00000000 TIM1_CC_IRQHandler
000005d0 g     F .text	00000098 wyre_uart_init
00001c98 g     F .text	00000036 __sseek
0000181c g     F .text	00000066 __sinit
000013f6 g     F .text	000000c0 __swbuf_r
000006fa g     F .text	00000002 HardFault_Handler
000017d6 g     F .text	00000046 __sfmoreglue
00001daa g     F .text	00000002 __malloc_unlock
00000998 g     F .text	00000012 ADC_DMACmd
00000194 g     F .text	0000000c .hidden __riscv_restore_3
00001104 g     F .text	00000012 TIM_OC1PreloadConfig
000004dc g     F .text	00000054 SysTick_Handler
000009bc g     F .text	0000000a ADC_StartCalibration
00000e1e g     F .text	0000006e NVIC_Init
00000896  w      .text	00000000 PVD_IRQHandler
00000180 g     F .text	00000020 .hidden __riscv_restore_10
000006f8 g     F .text	00000002 NMI_Handler
00000536 g     F .text	0000009a wyre_SysTick_Init
00000896  w      .text	00000000 EXTI3_IRQHandler
00000148 g     F .text	00000028 .hidden __riscv_save_11
00001222 g     F .text	0000000c USART_GetFlagStatus
00001d2a g     F .text	0000002a _fstat_r
200009ec g     O .bss	00000004 errno
20000098 g       .bss	00000000 _sbss
200001b8 g     O .bss	00000800 ADC_Buffer
00000800 g       *ABS*	00000000 __stack_size
00000d00 g     F .text	00000038 DMA_Init
00000896  w      .text	00000000 USBFS_IRQHandler
00000194 g     F .text	0000000c .hidden __riscv_restore_2
00000250 g     F .text	00000052 wyre_loop
000010d0 g     F .text	00000016 TIM_CtrlPWMOutputs
00000988 g     F .text	00000010 ADC_Cmd
000017cc g     F .text	0000000a _cleanup_r
00000896  w      .text	00000000 EXTI0_IRQHandler
00000896  w      .text	00000000 I2C2_EV_IRQHandler
200000a0 g     O .bss	00000002 Calibrattion_Val
000010b4 g     F .text	0000001c TIM_Cmd
000013ec g     F .text	0000000a puts
20000080 g     O .data	00000004 SystemCoreClock
00001218 g     F .text	0000000a USART_ReceiveData
00001de4 g     F .text	0000000c _fstat
00000038 g       .init	00000000 _einit
00000f78 g     F .text	0000001e RCC_APB2PeriphClockCmd
00000140 g     F .text	00000030 .hidden __riscv_save_12
00000896  w      .text	00000000 ADC1_2_IRQHandler
00000d4c g     F .text	000000c2 GPIO_Init
000002a2 g     F .text	0000003a wyre_gpio_init
00000e8c g     F .text	00000012 RCC_ADCCLKConfig
00000180 g     F .text	00000020 .hidden __riscv_restore_11
200000ac g     O .bss	00000004 NVIC_Priority_Group
00000896  w      .text	00000000 SPI1_IRQHandler
000009aa g     F .text	0000000a ADC_ResetCalibration
000011bc g     F .text	0000001c USART_Cmd
00001bf0 g     F .text	0000002a _sbrk_r
00000896  w      .text	00000000 TAMPER_IRQHandler
00000170 g     F .text	0000000c .hidden __riscv_save_1
00000194 g     F .text	0000000c .hidden __riscv_restore_0
00001dac g     F .text	0000002c _read_r
00000156 g     F .text	0000001a .hidden __riscv_save_7
00001272 g     F .text	00000016 USART_ClearITPendingBit
200000bc g     O .bss	000000fa tempBuffer
20004800 g       .stack	00000000 _heap_end
00001df0 g     F .text	0000000c _isatty
20000090 g     O .data	00000004 _global_impure_ptr
0000018a g     F .text	00000016 .hidden __riscv_restore_5
00000f5a g     F .text	0000001e RCC_AHBPeriphClockCmd
00000896  w      .text	00000000 DMA1_Channel4_IRQHandler
000009e6 g     F .text	000000b8 ADC_RegularChannelConfig
000012ec g     F .text	00000026 _sbrk
0000018a g     F .text	00000016 .hidden __riscv_restore_6
00000896  w      .text	00000000 USART3_IRQHandler
00000896  w      .text	00000000 RTC_IRQHandler
000009c6 g     F .text	00000008 ADC_GetCalibrationStatus
200009f0 g       .bss	00000000 _ebss
0000122e g     F .text	00000044 USART_GetITStatus
00000896  w      .text	00000000 DMA1_Channel7_IRQHandler
0000102c g     F .text	00000088 TIM_OC1Init
000009ce g     F .text	00000018 ADC_SoftwareStartConvCmd
000009b4 g     F .text	00000008 ADC_GetResetCalibrationStatus
00001288 g     F .text	0000002a Delay_Init
0000038a g     F .text	00000074 DMA_ADC_Init
00000896  w      .text	00000000 TIM4_IRQHandler
000010e6 g     F .text	0000001e TIM_ARRPreloadConfig
00000148 g     F .text	00000028 .hidden __riscv_save_9
00001e78 g     O .text	00000020 __sf_fake_stderr
00000156 g     F .text	0000001a .hidden __riscv_save_4
00000896  w      .text	00000000 I2C1_EV_IRQHandler
00000e9e g     F .text	000000bc RCC_GetClocksFreq
00000896  w      .text	00000000 DMA1_Channel6_IRQHandler
200000a2 g     O .bss	00000002 RxIndex
00001116 g     F .text	000000a6 USART_Init
00001a7e g     F .text	000000a4 _free_r
00000896  w      .text	00000000 TIM3_IRQHandler
00000896  w      .text	00000000 RCC_IRQHandler
00000170 g     F .text	0000000c .hidden __riscv_save_3
00000896  w      .text	00000000 TIM1_TRG_COM_IRQHandler
00000896  w      .text	00000000 DMA1_Channel1_IRQHandler
00000000 g       .init	00000000 _start
20000000 g     O .data	00000010 AHBPrescTable
00001dfc g     F .text	0000000c _lseek
00000896  w      .text	00000000 EXTI15_10_IRQHandler
000011d8 g     F .text	00000036 USART_ITConfig
00001d02 g     F .text	00000028 _close_r
20000000 g       .dalign	00000000 _data_vma
000014b6 g     F .text	0000010c __swsetup_r
00000896  w      .text	00000000 EXTI9_5_IRQHandler
00001882 g     F .text	0000009c __sfp
00000148 g     F .text	00000028 .hidden __riscv_save_10
00001c1a g     F .text	00000030 __sread
00001da8 g     F .text	00000002 __malloc_lock
0000018a g     F .text	00000016 .hidden __riscv_restore_4
00000180 g     F .text	00000020 .hidden __riscv_restore_8
000016fe g     F .text	00000064 _fflush_r
00000156 g     F .text	0000001a .hidden __riscv_save_6
00000896  w      .text	00000000 SPI2_IRQHandler
00001e98 g     O .text	00000020 __sf_fake_stdin
000002dc g     F .text	000000ae wyre_timer_init
200009b8 g     O .bss	00000032 RxBuffer
000001a0 g     F .text	000000a8 memset
00000180 g     F .text	00000020 .hidden __riscv_restore_9
0000018a g     F .text	00000016 .hidden __riscv_restore_7
000006fc g     F .text	0000000a main
00000668 g     F .text	00000028 wyre_hardware_init
00001cce g     F .text	00000006 __sclose
00001b22 g     F .text	000000ce _malloc_r
00000a9e g     F .text	00000168 Get_CalibrationValue
00000896  w      .text	00000000 DMA1_Channel5_IRQHandler
00000896  w      .text	00000000 EXTI4_IRQHandler
00000706 g     F .text	00000106 SystemInit
00000530 g     F .text	00000006 wyre_get_tick
00000000 g       .init	00000000 _sinit
00001cd4 g     F .text	0000002e _write_r
00000896  w      .text	00000000 DMA1_Channel3_IRQHandler
2000008c g     O .data	00000004 _impure_ptr
00000896  w      .text	00000000 TIM1_UP_IRQHandler
000015c2 g     F .text	0000013c __sflush_r
00000896  w      .text	00000000 WWDG_IRQHandler
00000896  w      .text	00000000 TIM2_IRQHandler
20005000 g       .stack	00000000 _eusrstack
00000170 g     F .text	0000000c .hidden __riscv_save_2
00000896  w      .text	00000000 SW_Handler
00000912 g     F .text	00000026 ADC_DeInit
00000896  w      .text	00000000 TIM1_BRK_IRQHandler
0000198a g     F .text	00000058 __swhatbuf_r
00000938 g     F .text	00000050 ADC_Init
0000120e g     F .text	0000000a USART_SendData
000003fe g     F .text	000000de wyre_adc_init
00000896  w      .text	00000000 EXTI1_IRQHandler
00000156 g     F .text	0000001a .hidden __riscv_save_5
000012b2 g     F .text	0000003a _write
20000098 g       .data	00000000 _edata
200009f0 g       .bss	00000000 _end
00000fb4 g     F .text	00000078 TIM_TimeBaseInit
00000896  w      .text	00000000 RTCAlarm_IRQHandler
00001ed8 g       .dlalign	00000000 _data_lma
00000896  w      .text	00000000 USART2_IRQHandler
00001c4a g     F .text	0000004e __swrite
0000191e g     F .text	0000006c _fwalk_reent
0000080c g     F .text	0000008a SystemCoreClockUpdate
00000896  w      .text	00000000 I2C2_ER_IRQHandler
00000896  w      .text	00000000 DMA1_Channel2_IRQHandler
00001eb8 g     O .text	00000020 __sf_fake_stdout
0000017c g     F .text	00000024 .hidden __riscv_restore_12
00001e08 g     F .text	0000000c _read
00000898  w      .text	00000000 handle_reset
00000896  w      .text	00000000 FLASH_IRQHandler
00000170 g     F .text	0000000c .hidden __riscv_save_0
00000690 g     F .text	00000068 USART1_IRQHandler
000019e2 g     F .text	0000009c __smakebuf_r
200000b8 g     O .bss	00000004 __malloc_sbrk_start
00000f96 g     F .text	0000001e RCC_APB2PeriphResetCmd
200000a4 g     O .bss	00000004 SecFlag
00000896  w      .text	00000000 I2C1_ER_IRQHandler
00000e0e g     F .text	00000010 NVIC_PriorityGroupConfig
00000c06 g     F .text	000000fa DMA_DeInit
200000b4 g     O .bss	00000004 __malloc_free_list
00000194 g     F .text	0000000c .hidden __riscv_restore_1
00000248 g     F .text	00000008 wyre_setup
200000a8 g     O .bss	00000002 sys_ms
00000896  w      .text	00000000 USBWakeUp_IRQHandler
00001dd8 g     F .text	0000000c _close



Disassembly of section .init:

00000000 <_sinit>:
   0:	0990006f          	j	898 <handle_reset>
   4:	00000013          	nop
   8:	00000013          	nop
   c:	00000013          	nop
  10:	00000013          	nop
  14:	00000013          	nop
  18:	00000013          	nop
  1c:	00000013          	nop
  20:	00000013          	nop
  24:	00000013          	nop
  28:	00000013          	nop
  2c:	00000013          	nop
  30:	00000013          	nop
  34:	00100073          	ebreak

Disassembly of section .vector:

00000038 <_vector_base>:
  38:	fc9ff06f          	j	0 <_sinit>
  3c:	0000                	unimp
  3e:	0000                	unimp
  40:	6b80006f          	j	6f8 <NMI_Handler>
  44:	6b60006f          	j	6fa <HardFault_Handler>
	...
  68:	4740006f          	j	4dc <SysTick_Handler>
  6c:	0000                	unimp
  6e:	0000                	unimp
  70:	0270006f          	j	896 <ADC1_2_IRQHandler>
  74:	0000                	unimp
  76:	0000                	unimp
  78:	01f0006f          	j	896 <ADC1_2_IRQHandler>
  7c:	01b0006f          	j	896 <ADC1_2_IRQHandler>
  80:	0170006f          	j	896 <ADC1_2_IRQHandler>
  84:	0130006f          	j	896 <ADC1_2_IRQHandler>
  88:	00f0006f          	j	896 <ADC1_2_IRQHandler>
  8c:	00b0006f          	j	896 <ADC1_2_IRQHandler>
  90:	0070006f          	j	896 <ADC1_2_IRQHandler>
  94:	0030006f          	j	896 <ADC1_2_IRQHandler>
  98:	7fe0006f          	j	896 <ADC1_2_IRQHandler>
  9c:	7fa0006f          	j	896 <ADC1_2_IRQHandler>
  a0:	7f60006f          	j	896 <ADC1_2_IRQHandler>
  a4:	7f20006f          	j	896 <ADC1_2_IRQHandler>
  a8:	7ee0006f          	j	896 <ADC1_2_IRQHandler>
  ac:	7ea0006f          	j	896 <ADC1_2_IRQHandler>
  b0:	7e60006f          	j	896 <ADC1_2_IRQHandler>
  b4:	7e20006f          	j	896 <ADC1_2_IRQHandler>
  b8:	7de0006f          	j	896 <ADC1_2_IRQHandler>
  bc:	7da0006f          	j	896 <ADC1_2_IRQHandler>
  c0:	7d60006f          	j	896 <ADC1_2_IRQHandler>
	...
  d4:	7c20006f          	j	896 <ADC1_2_IRQHandler>
  d8:	7be0006f          	j	896 <ADC1_2_IRQHandler>
  dc:	7ba0006f          	j	896 <ADC1_2_IRQHandler>
  e0:	7b60006f          	j	896 <ADC1_2_IRQHandler>
  e4:	7b20006f          	j	896 <ADC1_2_IRQHandler>
  e8:	7ae0006f          	j	896 <ADC1_2_IRQHandler>
  ec:	7aa0006f          	j	896 <ADC1_2_IRQHandler>
  f0:	7a60006f          	j	896 <ADC1_2_IRQHandler>
  f4:	7a20006f          	j	896 <ADC1_2_IRQHandler>
  f8:	79e0006f          	j	896 <ADC1_2_IRQHandler>
  fc:	79a0006f          	j	896 <ADC1_2_IRQHandler>
 100:	7960006f          	j	896 <ADC1_2_IRQHandler>
 104:	7920006f          	j	896 <ADC1_2_IRQHandler>
 108:	78e0006f          	j	896 <ADC1_2_IRQHandler>
 10c:	5840006f          	j	690 <USART1_IRQHandler>
 110:	7860006f          	j	896 <ADC1_2_IRQHandler>
 114:	7820006f          	j	896 <ADC1_2_IRQHandler>
 118:	77e0006f          	j	896 <ADC1_2_IRQHandler>
 11c:	77a0006f          	j	896 <ADC1_2_IRQHandler>
 120:	7760006f          	j	896 <ADC1_2_IRQHandler>
 124:	7720006f          	j	896 <ADC1_2_IRQHandler>
	...

Disassembly of section .text:

00000140 <__riscv_save_12>:
     140:	7139                	addi	sp,sp,-64
     142:	4301                	li	t1,0
     144:	c66e                	sw	s11,12(sp)
     146:	a019                	j	14c <__riscv_save_10+0x4>

00000148 <__riscv_save_10>:
     148:	7139                	addi	sp,sp,-64
     14a:	5341                	li	t1,-16
     14c:	c86a                	sw	s10,16(sp)
     14e:	ca66                	sw	s9,20(sp)
     150:	cc62                	sw	s8,24(sp)
     152:	ce5e                	sw	s7,28(sp)
     154:	a019                	j	15a <__riscv_save_4+0x4>

00000156 <__riscv_save_4>:
     156:	7139                	addi	sp,sp,-64
     158:	5301                	li	t1,-32
     15a:	d05a                	sw	s6,32(sp)
     15c:	d256                	sw	s5,36(sp)
     15e:	d452                	sw	s4,40(sp)
     160:	d64e                	sw	s3,44(sp)
     162:	d84a                	sw	s2,48(sp)
     164:	da26                	sw	s1,52(sp)
     166:	dc22                	sw	s0,56(sp)
     168:	de06                	sw	ra,60(sp)
     16a:	40610133          	sub	sp,sp,t1
     16e:	8282                	jr	t0

00000170 <__riscv_save_0>:
     170:	1141                	addi	sp,sp,-16
     172:	c04a                	sw	s2,0(sp)
     174:	c226                	sw	s1,4(sp)
     176:	c422                	sw	s0,8(sp)
     178:	c606                	sw	ra,12(sp)
     17a:	8282                	jr	t0

0000017c <__riscv_restore_12>:
     17c:	4db2                	lw	s11,12(sp)
     17e:	0141                	addi	sp,sp,16

00000180 <__riscv_restore_10>:
     180:	4d02                	lw	s10,0(sp)
     182:	4c92                	lw	s9,4(sp)
     184:	4c22                	lw	s8,8(sp)
     186:	4bb2                	lw	s7,12(sp)
     188:	0141                	addi	sp,sp,16

0000018a <__riscv_restore_4>:
     18a:	4b02                	lw	s6,0(sp)
     18c:	4a92                	lw	s5,4(sp)
     18e:	4a22                	lw	s4,8(sp)
     190:	49b2                	lw	s3,12(sp)
     192:	0141                	addi	sp,sp,16

00000194 <__riscv_restore_0>:
     194:	4902                	lw	s2,0(sp)
     196:	4492                	lw	s1,4(sp)
     198:	4422                	lw	s0,8(sp)
     19a:	40b2                	lw	ra,12(sp)
     19c:	0141                	addi	sp,sp,16
     19e:	8082                	ret

000001a0 <memset>:
     1a0:	433d                	li	t1,15
     1a2:	872a                	mv	a4,a0
     1a4:	02c37363          	bgeu	t1,a2,1ca <memset+0x2a>
     1a8:	00f77793          	andi	a5,a4,15
     1ac:	efbd                	bnez	a5,22a <memset+0x8a>
     1ae:	e5ad                	bnez	a1,218 <memset+0x78>
     1b0:	ff067693          	andi	a3,a2,-16
     1b4:	8a3d                	andi	a2,a2,15
     1b6:	96ba                	add	a3,a3,a4
     1b8:	c30c                	sw	a1,0(a4)
     1ba:	c34c                	sw	a1,4(a4)
     1bc:	c70c                	sw	a1,8(a4)
     1be:	c74c                	sw	a1,12(a4)
     1c0:	0741                	addi	a4,a4,16
     1c2:	fed76be3          	bltu	a4,a3,1b8 <memset+0x18>
     1c6:	e211                	bnez	a2,1ca <memset+0x2a>
     1c8:	8082                	ret
     1ca:	40c306b3          	sub	a3,t1,a2
     1ce:	068a                	slli	a3,a3,0x2
     1d0:	00000297          	auipc	t0,0x0
     1d4:	9696                	add	a3,a3,t0
     1d6:	00a68067          	jr	10(a3)
     1da:	00b70723          	sb	a1,14(a4)
     1de:	00b706a3          	sb	a1,13(a4)
     1e2:	00b70623          	sb	a1,12(a4)
     1e6:	00b705a3          	sb	a1,11(a4)
     1ea:	00b70523          	sb	a1,10(a4)
     1ee:	00b704a3          	sb	a1,9(a4)
     1f2:	00b70423          	sb	a1,8(a4)
     1f6:	00b703a3          	sb	a1,7(a4)
     1fa:	00b70323          	sb	a1,6(a4)
     1fe:	00b702a3          	sb	a1,5(a4)
     202:	00b70223          	sb	a1,4(a4)
     206:	00b701a3          	sb	a1,3(a4)
     20a:	00b70123          	sb	a1,2(a4)
     20e:	00b700a3          	sb	a1,1(a4)
     212:	00b70023          	sb	a1,0(a4)
     216:	8082                	ret
     218:	0ff5f593          	andi	a1,a1,255
     21c:	00859693          	slli	a3,a1,0x8
     220:	8dd5                	or	a1,a1,a3
     222:	01059693          	slli	a3,a1,0x10
     226:	8dd5                	or	a1,a1,a3
     228:	b761                	j	1b0 <memset+0x10>
     22a:	00279693          	slli	a3,a5,0x2
     22e:	00000297          	auipc	t0,0x0
     232:	9696                	add	a3,a3,t0
     234:	8286                	mv	t0,ra
     236:	fa8680e7          	jalr	-88(a3)
     23a:	8096                	mv	ra,t0
     23c:	17c1                	addi	a5,a5,-16
     23e:	8f1d                	sub	a4,a4,a5
     240:	963e                	add	a2,a2,a5
     242:	f8c374e3          	bgeu	t1,a2,1ca <memset+0x2a>
     246:	b7a5                	j	1ae <memset+0xe>

00000248 <wyre_setup>:
     248:	f29ff2ef          	jal	t0,170 <__riscv_save_0>
     24c:	2931                	jal	668 <wyre_hardware_init>
     24e:	b799                	j	194 <__riscv_restore_0>

00000250 <wyre_loop>:
     250:	f21ff2ef          	jal	t0,170 <__riscv_save_0>
     254:	2cf1                	jal	530 <wyre_get_tick>
     256:	81818793          	addi	a5,gp,-2024 # 20000098 <_edata>
     25a:	4398                	lw	a4,0(a5)
     25c:	06300693          	li	a3,99
     260:	40e50733          	sub	a4,a0,a4
     264:	00e6f363          	bgeu	a3,a4,26a <wyre_loop+0x1a>
     268:	c388                	sw	a0,0(a5)
     26a:	81c18793          	addi	a5,gp,-2020 # 2000009c <last_modulate_tick.4552>
     26e:	4398                	lw	a4,0(a5)
     270:	1f300693          	li	a3,499
     274:	40e50733          	sub	a4,a0,a4
     278:	00e6f363          	bgeu	a3,a4,27e <wyre_loop+0x2e>
     27c:	c388                	sw	a0,0(a5)
     27e:	8241a703          	lw	a4,-2012(gp) # 200000a4 <SecFlag>
     282:	cf19                	beqz	a4,2a0 <wyre_loop+0x50>
     284:	0fa00613          	li	a2,250
     288:	4581                	li	a1,0
     28a:	83c18513          	addi	a0,gp,-1988 # 200000bc <tempBuffer>
     28e:	8201a223          	sw	zero,-2012(gp) # 200000a4 <SecFlag>
     292:	3739                	jal	1a0 <memset>
     294:	00002537          	lui	a0,0x2
     298:	e1450513          	addi	a0,a0,-492 # 1e14 <_read+0xc>
     29c:	150010ef          	jal	ra,13ec <puts>
     2a0:	bdd5                	j	194 <__riscv_restore_0>

000002a2 <wyre_gpio_init>:
     2a2:	ecfff2ef          	jal	t0,170 <__riscv_save_0>
     2a6:	1141                	addi	sp,sp,-16
     2a8:	4585                	li	a1,1
     2aa:	4521                	li	a0,8
     2ac:	4cd000ef          	jal	ra,f78 <RCC_APB2PeriphClockCmd>
     2b0:	478d                	li	a5,3
     2b2:	00f11223          	sh	a5,4(sp)
     2b6:	40011537          	lui	a0,0x40011
     2ba:	47c1                	li	a5,16
     2bc:	004c                	addi	a1,sp,4
     2be:	c63e                	sw	a5,12(sp)
     2c0:	c0050513          	addi	a0,a0,-1024 # 40010c00 <_eusrstack+0x2000bc00>
     2c4:	478d                	li	a5,3
     2c6:	c43e                	sw	a5,8(sp)
     2c8:	285000ef          	jal	ra,d4c <GPIO_Init>
     2cc:	00002537          	lui	a0,0x2
     2d0:	e2450513          	addi	a0,a0,-476 # 1e24 <_read+0x1c>
     2d4:	118010ef          	jal	ra,13ec <puts>
     2d8:	0141                	addi	sp,sp,16
     2da:	bd6d                	j	194 <__riscv_restore_0>

000002dc <wyre_timer_init>:
     2dc:	e95ff2ef          	jal	t0,170 <__riscv_save_0>
     2e0:	6505                	lui	a0,0x1
     2e2:	7179                	addi	sp,sp,-48
     2e4:	4585                	li	a1,1
     2e6:	80450513          	addi	a0,a0,-2044 # 804 <__stack_size+0x4>
     2ea:	ca02                	sw	zero,20(sp)
     2ec:	cc02                	sw	zero,24(sp)
     2ee:	ce02                	sw	zero,28(sp)
     2f0:	d002                	sw	zero,32(sp)
     2f2:	d202                	sw	zero,36(sp)
     2f4:	d402                	sw	zero,40(sp)
     2f6:	d602                	sw	zero,44(sp)
     2f8:	c402                	sw	zero,8(sp)
     2fa:	c602                	sw	zero,12(sp)
     2fc:	00011823          	sh	zero,16(sp)
     300:	479000ef          	jal	ra,f78 <RCC_APB2PeriphClockCmd>
     304:	10000793          	li	a5,256
     308:	00f11a23          	sh	a5,20(sp)
     30c:	40011537          	lui	a0,0x40011
     310:	47e1                	li	a5,24
     312:	ce3e                	sw	a5,28(sp)
     314:	084c                	addi	a1,sp,20
     316:	478d                	li	a5,3
     318:	80050513          	addi	a0,a0,-2048 # 40010800 <_eusrstack+0x2000b800>
     31c:	40013437          	lui	s0,0x40013
     320:	cc3e                	sw	a5,24(sp)
     322:	22b000ef          	jal	ra,d4c <GPIO_Init>
     326:	73500793          	li	a5,1845
     32a:	002c                	addi	a1,sp,8
     32c:	c0040513          	addi	a0,s0,-1024 # 40012c00 <_eusrstack+0x2000dc00>
     330:	c63e                	sw	a5,12(sp)
     332:	c402                	sw	zero,8(sp)
     334:	481000ef          	jal	ra,fb4 <TIM_TimeBaseInit>
     338:	67c1                	lui	a5,0x10
     33a:	06078793          	addi	a5,a5,96 # 10060 <_data_lma+0xe188>
     33e:	100c                	addi	a1,sp,32
     340:	c0040513          	addi	a0,s0,-1024
     344:	d03e                	sw	a5,32(sp)
     346:	02011323          	sh	zero,38(sp)
     34a:	02011423          	sh	zero,40(sp)
     34e:	4df000ef          	jal	ra,102c <TIM_OC1Init>
     352:	c0040513          	addi	a0,s0,-1024
     356:	4585                	li	a1,1
     358:	579000ef          	jal	ra,10d0 <TIM_CtrlPWMOutputs>
     35c:	c0040513          	addi	a0,s0,-1024
     360:	45a1                	li	a1,8
     362:	5a3000ef          	jal	ra,1104 <TIM_OC1PreloadConfig>
     366:	c0040513          	addi	a0,s0,-1024
     36a:	4585                	li	a1,1
     36c:	57b000ef          	jal	ra,10e6 <TIM_ARRPreloadConfig>
     370:	4585                	li	a1,1
     372:	c0040513          	addi	a0,s0,-1024
     376:	53f000ef          	jal	ra,10b4 <TIM_Cmd>
     37a:	00002537          	lui	a0,0x2
     37e:	e4850513          	addi	a0,a0,-440 # 1e48 <_read+0x40>
     382:	06a010ef          	jal	ra,13ec <puts>
     386:	6145                	addi	sp,sp,48
     388:	b531                	j	194 <__riscv_restore_0>

0000038a <DMA_ADC_Init>:
     38a:	de7ff2ef          	jal	t0,170 <__riscv_save_0>
     38e:	7179                	addi	sp,sp,-48
     390:	02c00613          	li	a2,44
     394:	4581                	li	a1,0
     396:	0048                	addi	a0,sp,4
     398:	3521                	jal	1a0 <memset>
     39a:	40020437          	lui	s0,0x40020
     39e:	00840513          	addi	a0,s0,8 # 40020008 <_eusrstack+0x2001b008>
     3a2:	065000ef          	jal	ra,c06 <DMA_DeInit>
     3a6:	400124b7          	lui	s1,0x40012
     3aa:	44c48793          	addi	a5,s1,1100 # 4001244c <_eusrstack+0x2000d44c>
     3ae:	c23e                	sw	a5,4(sp)
     3b0:	200007b7          	lui	a5,0x20000
     3b4:	1b878793          	addi	a5,a5,440 # 200001b8 <ADC_Buffer>
     3b8:	c43e                	sw	a5,8(sp)
     3ba:	40000793          	li	a5,1024
     3be:	c83e                	sw	a5,16(sp)
     3c0:	d03e                	sw	a5,32(sp)
     3c2:	08000713          	li	a4,128
     3c6:	02000793          	li	a5,32
     3ca:	cc3a                	sw	a4,24(sp)
     3cc:	d23e                	sw	a5,36(sp)
     3ce:	10000713          	li	a4,256
     3d2:	678d                	lui	a5,0x3
     3d4:	004c                	addi	a1,sp,4
     3d6:	00840513          	addi	a0,s0,8
     3da:	ce3a                	sw	a4,28(sp)
     3dc:	d43e                	sw	a5,40(sp)
     3de:	c602                	sw	zero,12(sp)
     3e0:	ca02                	sw	zero,20(sp)
     3e2:	d602                	sw	zero,44(sp)
     3e4:	11d000ef          	jal	ra,d00 <DMA_Init>
     3e8:	00840513          	addi	a0,s0,8
     3ec:	4585                	li	a1,1
     3ee:	14b000ef          	jal	ra,d38 <DMA_Cmd>
     3f2:	4585                	li	a1,1
     3f4:	40048513          	addi	a0,s1,1024
     3f8:	2bd9                	jal	9ce <ADC_SoftwareStartConvCmd>
     3fa:	6145                	addi	sp,sp,48
     3fc:	bb61                	j	194 <__riscv_restore_0>

000003fe <wyre_adc_init>:
     3fe:	d73ff2ef          	jal	t0,170 <__riscv_save_0>
     402:	7179                	addi	sp,sp,-48
     404:	4661                	li	a2,24
     406:	4581                	li	a1,0
     408:	0828                	addi	a0,sp,24
     40a:	3b59                	jal	1a0 <memset>
     40c:	4585                	li	a1,1
     40e:	20400513          	li	a0,516
     412:	c602                	sw	zero,12(sp)
     414:	c802                	sw	zero,16(sp)
     416:	ca02                	sw	zero,20(sp)
     418:	361000ef          	jal	ra,f78 <RCC_APB2PeriphClockCmd>
     41c:	4585                	li	a1,1
     41e:	4505                	li	a0,1
     420:	33b000ef          	jal	ra,f5a <RCC_AHBPeriphClockCmd>
     424:	6531                	lui	a0,0xc
     426:	267000ef          	jal	ra,e8c <RCC_ADCCLKConfig>
     42a:	40011537          	lui	a0,0x40011
     42e:	47bd                	li	a5,15
     430:	006c                	addi	a1,sp,12
     432:	80050513          	addi	a0,a0,-2048 # 40010800 <_eusrstack+0x2000b800>
     436:	40012437          	lui	s0,0x40012
     43a:	00f11623          	sh	a5,12(sp)
     43e:	ca02                	sw	zero,20(sp)
     440:	10d000ef          	jal	ra,d4c <GPIO_Init>
     444:	40040513          	addi	a0,s0,1024 # 40012400 <_eusrstack+0x2000d400>
     448:	21e9                	jal	912 <ADC_DeInit>
     44a:	4785                	li	a5,1
     44c:	ce3e                	sw	a5,28(sp)
     44e:	d03e                	sw	a5,32(sp)
     450:	000e07b7          	lui	a5,0xe0
     454:	d23e                	sw	a5,36(sp)
     456:	082c                	addi	a1,sp,24
     458:	4791                	li	a5,4
     45a:	40040513          	addi	a0,s0,1024
     45e:	02f10623          	sb	a5,44(sp)
     462:	cc02                	sw	zero,24(sp)
     464:	d402                	sw	zero,40(sp)
     466:	29c9                	jal	938 <ADC_Init>
     468:	4585                	li	a1,1
     46a:	40040513          	addi	a0,s0,1024
     46e:	232d                	jal	998 <ADC_DMACmd>
     470:	4585                	li	a1,1
     472:	40040513          	addi	a0,s0,1024
     476:	2b09                	jal	988 <ADC_Cmd>
     478:	40040513          	addi	a0,s0,1024
     47c:	233d                	jal	9aa <ADC_ResetCalibration>
     47e:	40040493          	addi	s1,s0,1024
     482:	8526                	mv	a0,s1
     484:	2b05                	jal	9b4 <ADC_GetResetCalibrationStatus>
     486:	fd75                	bnez	a0,482 <wyre_adc_init+0x84>
     488:	40040513          	addi	a0,s0,1024
     48c:	40012437          	lui	s0,0x40012
     490:	2335                	jal	9bc <ADC_StartCalibration>
     492:	40040493          	addi	s1,s0,1024 # 40012400 <_eusrstack+0x2000d400>
     496:	8526                	mv	a0,s1
     498:	233d                	jal	9c6 <ADC_GetCalibrationStatus>
     49a:	fd75                	bnez	a0,496 <wyre_adc_init+0x98>
     49c:	40040513          	addi	a0,s0,1024
     4a0:	2bfd                	jal	a9e <Get_CalibrationValue>
     4a2:	82a19023          	sh	a0,-2016(gp) # 200000a0 <Calibrattion_Val>
     4a6:	469d                	li	a3,7
     4a8:	40040513          	addi	a0,s0,1024
     4ac:	4605                	li	a2,1
     4ae:	4581                	li	a1,0
     4b0:	2b1d                	jal	9e6 <ADC_RegularChannelConfig>
     4b2:	40040513          	addi	a0,s0,1024
     4b6:	469d                	li	a3,7
     4b8:	4609                	li	a2,2
     4ba:	4585                	li	a1,1
     4bc:	232d                	jal	9e6 <ADC_RegularChannelConfig>
     4be:	40040513          	addi	a0,s0,1024
     4c2:	469d                	li	a3,7
     4c4:	460d                	li	a2,3
     4c6:	4589                	li	a1,2
     4c8:	2b39                	jal	9e6 <ADC_RegularChannelConfig>
     4ca:	469d                	li	a3,7
     4cc:	4611                	li	a2,4
     4ce:	458d                	li	a1,3
     4d0:	40040513          	addi	a0,s0,1024
     4d4:	2b09                	jal	9e6 <ADC_RegularChannelConfig>
     4d6:	3d55                	jal	38a <DMA_ADC_Init>
     4d8:	6145                	addi	sp,sp,48
     4da:	b96d                	j	194 <__riscv_restore_0>

000004dc <SysTick_Handler>:
     4dc:	82818793          	addi	a5,gp,-2008 # 200000a8 <sys_ms>
     4e0:	0007d703          	lhu	a4,0(a5) # e0000 <_data_lma+0xde128>
     4e4:	3e700693          	li	a3,999
     4e8:	0705                	addi	a4,a4,1
     4ea:	0742                	slli	a4,a4,0x10
     4ec:	8341                	srli	a4,a4,0x10
     4ee:	00e79023          	sh	a4,0(a5)
     4f2:	0007d703          	lhu	a4,0(a5)
     4f6:	0007d703          	lhu	a4,0(a5)
     4fa:	00e6f763          	bgeu	a3,a4,508 <SysTick_Handler+0x2c>
     4fe:	00079023          	sh	zero,0(a5)
     502:	4705                	li	a4,1
     504:	82e1a223          	sw	a4,-2012(gp) # 200000a4 <SecFlag>
     508:	e000f7b7          	lui	a5,0xe000f
     50c:	00078223          	sb	zero,4(a5) # e000f004 <_eusrstack+0xc000a004>
     510:	000782a3          	sb	zero,5(a5)
     514:	00078323          	sb	zero,6(a5)
     518:	000783a3          	sb	zero,7(a5)
     51c:	00078423          	sb	zero,8(a5)
     520:	000784a3          	sb	zero,9(a5)
     524:	00078523          	sb	zero,10(a5)
     528:	000785a3          	sb	zero,11(a5)
     52c:	30200073          	mret

00000530 <wyre_get_tick>:
     530:	8281d503          	lhu	a0,-2008(gp) # 200000a8 <sys_ms>
     534:	8082                	ret

00000536 <wyre_SysTick_Init>:
     536:	200007b7          	lui	a5,0x20000
     53a:	0807a703          	lw	a4,128(a5) # 20000080 <SystemCoreClock>
     53e:	6789                	lui	a5,0x2
     540:	f4078793          	addi	a5,a5,-192 # 1f40 <_data_lma+0x68>
     544:	02f75733          	divu	a4,a4,a5
     548:	e000f7b7          	lui	a5,0xe000f
     54c:	0007a023          	sw	zero,0(a5) # e000f000 <_eusrstack+0xc000a000>
     550:	00078223          	sb	zero,4(a5)
     554:	000782a3          	sb	zero,5(a5)
     558:	00078323          	sb	zero,6(a5)
     55c:	000783a3          	sb	zero,7(a5)
     560:	00078423          	sb	zero,8(a5)
     564:	000784a3          	sb	zero,9(a5)
     568:	00078523          	sb	zero,10(a5)
     56c:	000785a3          	sb	zero,11(a5)
     570:	fff70693          	addi	a3,a4,-1
     574:	0ff6f613          	andi	a2,a3,255
     578:	00c78623          	sb	a2,12(a5)
     57c:	0086d613          	srli	a2,a3,0x8
     580:	0ff67613          	andi	a2,a2,255
     584:	00c786a3          	sb	a2,13(a5)
     588:	0106d613          	srli	a2,a3,0x10
     58c:	00e6b733          	sltu	a4,a3,a4
     590:	0ff67613          	andi	a2,a2,255
     594:	00c78723          	sb	a2,14(a5)
     598:	177d                	addi	a4,a4,-1
     59a:	82e1                	srli	a3,a3,0x18
     59c:	00d787a3          	sb	a3,15(a5)
     5a0:	0ff77693          	andi	a3,a4,255
     5a4:	00d78823          	sb	a3,16(a5)
     5a8:	0ff77693          	andi	a3,a4,255
     5ac:	00d788a3          	sb	a3,17(a5)
     5b0:	00d78923          	sb	a3,18(a5)
     5b4:	8361                	srli	a4,a4,0x18
     5b6:	00e789a3          	sb	a4,19(a5)
     5ba:	46bd                	li	a3,15
     5bc:	e000e737          	lui	a4,0xe000e
     5c0:	40d70623          	sb	a3,1036(a4) # e000e40c <_eusrstack+0xc000940c>
     5c4:	6685                	lui	a3,0x1
     5c6:	10d72023          	sw	a3,256(a4)
     5ca:	4705                	li	a4,1
     5cc:	c398                	sw	a4,0(a5)
     5ce:	8082                	ret

000005d0 <wyre_uart_init>:
     5d0:	ba1ff2ef          	jal	t0,170 <__riscv_save_0>
     5d4:	6511                	lui	a0,0x4
     5d6:	7179                	addi	sp,sp,-48
     5d8:	4585                	li	a1,1
     5da:	0511                	addi	a0,a0,4
     5dc:	19d000ef          	jal	ra,f78 <RCC_APB2PeriphClockCmd>
     5e0:	20000793          	li	a5,512
     5e4:	00f11a23          	sh	a5,20(sp)
     5e8:	40011437          	lui	s0,0x40011
     5ec:	478d                	li	a5,3
     5ee:	cc3e                	sw	a5,24(sp)
     5f0:	084c                	addi	a1,sp,20
     5f2:	47e1                	li	a5,24
     5f4:	80040513          	addi	a0,s0,-2048 # 40010800 <_eusrstack+0x2000b800>
     5f8:	ce3e                	sw	a5,28(sp)
     5fa:	752000ef          	jal	ra,d4c <GPIO_Init>
     5fe:	40000793          	li	a5,1024
     602:	00f11a23          	sh	a5,20(sp)
     606:	084c                	addi	a1,sp,20
     608:	4791                	li	a5,4
     60a:	80040513          	addi	a0,s0,-2048
     60e:	ce3e                	sw	a5,28(sp)
     610:	2f35                	jal	d4c <GPIO_Init>
     612:	67f1                	lui	a5,0x1c
     614:	40014437          	lui	s0,0x40014
     618:	20078793          	addi	a5,a5,512 # 1c200 <_data_lma+0x1a328>
     61c:	d03e                	sw	a5,32(sp)
     61e:	100c                	addi	a1,sp,32
     620:	000c07b7          	lui	a5,0xc0
     624:	80040513          	addi	a0,s0,-2048 # 40013800 <_eusrstack+0x2000e800>
     628:	d43e                	sw	a5,40(sp)
     62a:	d202                	sw	zero,36(sp)
     62c:	02011623          	sh	zero,44(sp)
     630:	2e7000ef          	jal	ra,1116 <USART_Init>
     634:	4605                	li	a2,1
     636:	52500593          	li	a1,1317
     63a:	80040513          	addi	a0,s0,-2048
     63e:	39b000ef          	jal	ra,11d8 <USART_ITConfig>
     642:	13500793          	li	a5,309
     646:	00f11623          	sh	a5,12(sp)
     64a:	4785                	li	a5,1
     64c:	00f10723          	sb	a5,14(sp)
     650:	0068                	addi	a0,sp,12
     652:	4785                	li	a5,1
     654:	c83e                	sw	a5,16(sp)
     656:	7c8000ef          	jal	ra,e1e <NVIC_Init>
     65a:	4585                	li	a1,1
     65c:	80040513          	addi	a0,s0,-2048
     660:	35d000ef          	jal	ra,11bc <USART_Cmd>
     664:	6145                	addi	sp,sp,48
     666:	b63d                	j	194 <__riscv_restore_0>

00000668 <wyre_hardware_init>:
     668:	b09ff2ef          	jal	t0,170 <__riscv_save_0>
     66c:	4505                	li	a0,1
     66e:	7a0000ef          	jal	ra,e0e <NVIC_PriorityGroupConfig>
     672:	2a69                	jal	80c <SystemCoreClockUpdate>
     674:	415000ef          	jal	ra,1288 <Delay_Init>
     678:	3fa1                	jal	5d0 <wyre_uart_init>
     67a:	3125                	jal	2a2 <wyre_gpio_init>
     67c:	3d6d                	jal	536 <wyre_SysTick_Init>
     67e:	39b9                	jal	2dc <wyre_timer_init>
     680:	3bbd                	jal	3fe <wyre_adc_init>
     682:	00002537          	lui	a0,0x2
     686:	e3450513          	addi	a0,a0,-460 # 1e34 <_read+0x2c>
     68a:	563000ef          	jal	ra,13ec <puts>
     68e:	b619                	j	194 <__riscv_restore_0>

00000690 <USART1_IRQHandler>:
     690:	1141                	addi	sp,sp,-16
     692:	c622                	sw	s0,12(sp)
     694:	40014437          	lui	s0,0x40014
     698:	52500593          	li	a1,1317
     69c:	80040513          	addi	a0,s0,-2048 # 40013800 <_eusrstack+0x2000e800>
     6a0:	38f000ef          	jal	ra,122e <USART_GetITStatus>
     6a4:	c531                	beqz	a0,6f0 <USART1_IRQHandler+0x60>
     6a6:	80040513          	addi	a0,s0,-2048
     6aa:	36f000ef          	jal	ra,1218 <USART_ReceiveData>
     6ae:	82218713          	addi	a4,gp,-2014 # 200000a2 <RxIndex>
     6b2:	00075783          	lhu	a5,0(a4)
     6b6:	46a5                	li	a3,9
     6b8:	02f6e463          	bltu	a3,a5,6e0 <USART1_IRQHandler+0x50>
     6bc:	00075783          	lhu	a5,0(a4)
     6c0:	0ff57513          	andi	a0,a0,255
     6c4:	01079693          	slli	a3,a5,0x10
     6c8:	82c1                	srli	a3,a3,0x10
     6ca:	00168793          	addi	a5,a3,1 # 1001 <TIM_TimeBaseInit+0x4d>
     6ce:	07c2                	slli	a5,a5,0x10
     6d0:	83c1                	srli	a5,a5,0x10
     6d2:	00f71023          	sh	a5,0(a4)
     6d6:	13818793          	addi	a5,gp,312 # 200009b8 <RxBuffer>
     6da:	97b6                	add	a5,a5,a3
     6dc:	00a78023          	sb	a0,0(a5) # c0000 <_data_lma+0xbe128>
     6e0:	40014537          	lui	a0,0x40014
     6e4:	52500593          	li	a1,1317
     6e8:	80050513          	addi	a0,a0,-2048 # 40013800 <_eusrstack+0x2000e800>
     6ec:	387000ef          	jal	ra,1272 <USART_ClearITPendingBit>
     6f0:	4432                	lw	s0,12(sp)
     6f2:	0141                	addi	sp,sp,16
     6f4:	30200073          	mret

000006f8 <NMI_Handler>:
     6f8:	a001                	j	6f8 <NMI_Handler>

000006fa <HardFault_Handler>:
     6fa:	a001                	j	6fa <HardFault_Handler>

000006fc <main>:
     6fc:	a75ff2ef          	jal	t0,170 <__riscv_save_0>
     700:	36a1                	jal	248 <wyre_setup>
     702:	36b9                	jal	250 <wyre_loop>
     704:	bffd                	j	702 <main+0x6>

00000706 <SystemInit>:
     706:	400217b7          	lui	a5,0x40021
     70a:	4398                	lw	a4,0(a5)
     70c:	f8ff06b7          	lui	a3,0xf8ff0
     710:	1141                	addi	sp,sp,-16
     712:	00176713          	ori	a4,a4,1
     716:	c398                	sw	a4,0(a5)
     718:	43d8                	lw	a4,4(a5)
     71a:	00020637          	lui	a2,0x20
     71e:	8f75                	and	a4,a4,a3
     720:	c3d8                	sw	a4,4(a5)
     722:	4398                	lw	a4,0(a5)
     724:	fef706b7          	lui	a3,0xfef70
     728:	16fd                	addi	a3,a3,-1
     72a:	8f75                	and	a4,a4,a3
     72c:	c398                	sw	a4,0(a5)
     72e:	4398                	lw	a4,0(a5)
     730:	fffc06b7          	lui	a3,0xfffc0
     734:	16fd                	addi	a3,a3,-1
     736:	8f75                	and	a4,a4,a3
     738:	c398                	sw	a4,0(a5)
     73a:	43d8                	lw	a4,4(a5)
     73c:	ff8106b7          	lui	a3,0xff810
     740:	16fd                	addi	a3,a3,-1
     742:	8f75                	and	a4,a4,a3
     744:	c3d8                	sw	a4,4(a5)
     746:	009f0737          	lui	a4,0x9f0
     74a:	c798                	sw	a4,8(a5)
     74c:	c402                	sw	zero,8(sp)
     74e:	c602                	sw	zero,12(sp)
     750:	4398                	lw	a4,0(a5)
     752:	66c1                	lui	a3,0x10
     754:	8f55                	or	a4,a4,a3
     756:	c398                	sw	a4,0(a5)
     758:	400216b7          	lui	a3,0x40021
     75c:	50000713          	li	a4,1280
     760:	429c                	lw	a5,0(a3)
     762:	8ff1                	and	a5,a5,a2
     764:	c63e                	sw	a5,12(sp)
     766:	47a2                	lw	a5,8(sp)
     768:	0785                	addi	a5,a5,1
     76a:	c43e                	sw	a5,8(sp)
     76c:	47b2                	lw	a5,12(sp)
     76e:	e781                	bnez	a5,776 <SystemInit+0x70>
     770:	47a2                	lw	a5,8(sp)
     772:	fee797e3          	bne	a5,a4,760 <SystemInit+0x5a>
     776:	400217b7          	lui	a5,0x40021
     77a:	439c                	lw	a5,0(a5)
     77c:	00e79713          	slli	a4,a5,0xe
     780:	08075463          	bgez	a4,808 <__stack_size+0x8>
     784:	4785                	li	a5,1
     786:	c63e                	sw	a5,12(sp)
     788:	4732                	lw	a4,12(sp)
     78a:	4785                	li	a5,1
     78c:	06f71c63          	bne	a4,a5,804 <__stack_size+0x4>
     790:	400227b7          	lui	a5,0x40022
     794:	4398                	lw	a4,0(a5)
     796:	ffc106b7          	lui	a3,0xffc10
     79a:	16fd                	addi	a3,a3,-1
     79c:	01076713          	ori	a4,a4,16
     7a0:	c398                	sw	a4,0(a5)
     7a2:	4398                	lw	a4,0(a5)
     7a4:	9b71                	andi	a4,a4,-4
     7a6:	c398                	sw	a4,0(a5)
     7a8:	4398                	lw	a4,0(a5)
     7aa:	00276713          	ori	a4,a4,2
     7ae:	c398                	sw	a4,0(a5)
     7b0:	400217b7          	lui	a5,0x40021
     7b4:	43d8                	lw	a4,4(a5)
     7b6:	c3d8                	sw	a4,4(a5)
     7b8:	43d8                	lw	a4,4(a5)
     7ba:	c3d8                	sw	a4,4(a5)
     7bc:	43d8                	lw	a4,4(a5)
     7be:	40076713          	ori	a4,a4,1024
     7c2:	c3d8                	sw	a4,4(a5)
     7c4:	43d8                	lw	a4,4(a5)
     7c6:	8f75                	and	a4,a4,a3
     7c8:	c3d8                	sw	a4,4(a5)
     7ca:	43d8                	lw	a4,4(a5)
     7cc:	001d06b7          	lui	a3,0x1d0
     7d0:	8f55                	or	a4,a4,a3
     7d2:	c3d8                	sw	a4,4(a5)
     7d4:	4398                	lw	a4,0(a5)
     7d6:	010006b7          	lui	a3,0x1000
     7da:	8f55                	or	a4,a4,a3
     7dc:	c398                	sw	a4,0(a5)
     7de:	4398                	lw	a4,0(a5)
     7e0:	00671693          	slli	a3,a4,0x6
     7e4:	fe06dde3          	bgez	a3,7de <SystemInit+0xd8>
     7e8:	43d8                	lw	a4,4(a5)
     7ea:	400216b7          	lui	a3,0x40021
     7ee:	9b71                	andi	a4,a4,-4
     7f0:	c3d8                	sw	a4,4(a5)
     7f2:	43d8                	lw	a4,4(a5)
     7f4:	00276713          	ori	a4,a4,2
     7f8:	c3d8                	sw	a4,4(a5)
     7fa:	4721                	li	a4,8
     7fc:	42dc                	lw	a5,4(a3)
     7fe:	8bb1                	andi	a5,a5,12
     800:	fee79ee3          	bne	a5,a4,7fc <SystemInit+0xf6>
     804:	0141                	addi	sp,sp,16
     806:	8082                	ret
     808:	c602                	sw	zero,12(sp)
     80a:	bfbd                	j	788 <SystemInit+0x82>

0000080c <SystemCoreClockUpdate>:
     80c:	400216b7          	lui	a3,0x40021
     810:	42dc                	lw	a5,4(a3)
     812:	20000737          	lui	a4,0x20000
     816:	4611                	li	a2,4
     818:	8bb1                	andi	a5,a5,12
     81a:	08070713          	addi	a4,a4,128 # 20000080 <SystemCoreClock>
     81e:	00c78563          	beq	a5,a2,828 <SystemCoreClockUpdate+0x1c>
     822:	4621                	li	a2,8
     824:	02c78963          	beq	a5,a2,856 <SystemCoreClockUpdate+0x4a>
     828:	007a17b7          	lui	a5,0x7a1
     82c:	20078793          	addi	a5,a5,512 # 7a1200 <_data_lma+0x79f328>
     830:	c31c                	sw	a5,0(a4)
     832:	400217b7          	lui	a5,0x40021
     836:	43dc                	lw	a5,4(a5)
     838:	8391                	srli	a5,a5,0x4
     83a:	00f7f693          	andi	a3,a5,15
     83e:	200007b7          	lui	a5,0x20000
     842:	00078793          	mv	a5,a5
     846:	97b6                	add	a5,a5,a3
     848:	0007c683          	lbu	a3,0(a5) # 20000000 <_data_vma>
     84c:	431c                	lw	a5,0(a4)
     84e:	00d7d7b3          	srl	a5,a5,a3
     852:	c31c                	sw	a5,0(a4)
     854:	8082                	ret
     856:	42dc                	lw	a5,4(a3)
     858:	42d0                	lw	a2,4(a3)
     85a:	83c9                	srli	a5,a5,0x12
     85c:	8bbd                	andi	a5,a5,15
     85e:	00f61593          	slli	a1,a2,0xf
     862:	0789                	addi	a5,a5,2
     864:	0005cd63          	bltz	a1,87e <SystemCoreClockUpdate+0x72>
     868:	400246b7          	lui	a3,0x40024
     86c:	8006a683          	lw	a3,-2048(a3) # 40023800 <_eusrstack+0x2001e800>
     870:	8ac1                	andi	a3,a3,16
     872:	ca99                	beqz	a3,888 <SystemCoreClockUpdate+0x7c>
     874:	007a16b7          	lui	a3,0x7a1
     878:	20068693          	addi	a3,a3,512 # 7a1200 <_data_lma+0x79f328>
     87c:	a811                	j	890 <SystemCoreClockUpdate+0x84>
     87e:	42d4                	lw	a3,4(a3)
     880:	00e69613          	slli	a2,a3,0xe
     884:	fe0658e3          	bgez	a2,874 <SystemCoreClockUpdate+0x68>
     888:	003d16b7          	lui	a3,0x3d1
     88c:	90068693          	addi	a3,a3,-1792 # 3d0900 <_data_lma+0x3cea28>
     890:	02d787b3          	mul	a5,a5,a3
     894:	bf71                	j	830 <SystemCoreClockUpdate+0x24>

00000896 <ADC1_2_IRQHandler>:
     896:	a001                	j	896 <ADC1_2_IRQHandler>

00000898 <handle_reset>:
     898:	20000197          	auipc	gp,0x20000
     89c:	fe818193          	addi	gp,gp,-24 # 20000880 <__global_pointer$>
     8a0:	20004117          	auipc	sp,0x20004
     8a4:	76010113          	addi	sp,sp,1888 # 20005000 <_eusrstack>
     8a8:	00001517          	auipc	a0,0x1
     8ac:	63050513          	addi	a0,a0,1584 # 1ed8 <_data_lma>
     8b0:	1ffff597          	auipc	a1,0x1ffff
     8b4:	75058593          	addi	a1,a1,1872 # 20000000 <_data_vma>
     8b8:	81818613          	addi	a2,gp,-2024 # 20000098 <_edata>
     8bc:	00c5fa63          	bgeu	a1,a2,8d0 <handle_reset+0x38>
     8c0:	00052283          	lw	t0,0(a0)
     8c4:	0055a023          	sw	t0,0(a1)
     8c8:	0511                	addi	a0,a0,4
     8ca:	0591                	addi	a1,a1,4
     8cc:	fec5eae3          	bltu	a1,a2,8c0 <handle_reset+0x28>
     8d0:	81818513          	addi	a0,gp,-2024 # 20000098 <_edata>
     8d4:	17018593          	addi	a1,gp,368 # 200009f0 <_ebss>
     8d8:	00b57763          	bgeu	a0,a1,8e6 <handle_reset+0x4e>
     8dc:	00052023          	sw	zero,0(a0)
     8e0:	0511                	addi	a0,a0,4
     8e2:	feb56de3          	bltu	a0,a1,8dc <handle_reset+0x44>
     8e6:	08800293          	li	t0,136
     8ea:	30029073          	csrw	mstatus,t0
     8ee:	fffff297          	auipc	t0,0xfffff
     8f2:	74a28293          	addi	t0,t0,1866 # 38 <_einit>
     8f6:	0012e293          	ori	t0,t0,1
     8fa:	30529073          	csrw	mtvec,t0
     8fe:	e09ff0ef          	jal	ra,706 <SystemInit>
     902:	00000297          	auipc	t0,0x0
     906:	dfa28293          	addi	t0,t0,-518 # 6fc <main>
     90a:	34129073          	csrw	mepc,t0
     90e:	30200073          	mret

00000912 <ADC_DeInit>:
     912:	400127b7          	lui	a5,0x40012
     916:	40078793          	addi	a5,a5,1024 # 40012400 <_eusrstack+0x2000d400>
     91a:	00f51e63          	bne	a0,a5,936 <ADC_DeInit+0x24>
     91e:	853ff2ef          	jal	t0,170 <__riscv_save_0>
     922:	4585                	li	a1,1
     924:	20000513          	li	a0,512
     928:	25bd                	jal	f96 <RCC_APB2PeriphResetCmd>
     92a:	4581                	li	a1,0
     92c:	20000513          	li	a0,512
     930:	259d                	jal	f96 <RCC_APB2PeriphResetCmd>
     932:	863ff06f          	j	194 <__riscv_restore_0>
     936:	8082                	ret

00000938 <ADC_Init>:
     938:	415c                	lw	a5,4(a0)
     93a:	fff10737          	lui	a4,0xfff10
     93e:	eff70713          	addi	a4,a4,-257 # fff0feff <_eusrstack+0xdff0aeff>
     942:	8f7d                	and	a4,a4,a5
     944:	41dc                	lw	a5,4(a1)
     946:	4194                	lw	a3,0(a1)
     948:	07a2                	slli	a5,a5,0x8
     94a:	8fd5                	or	a5,a5,a3
     94c:	8fd9                	or	a5,a5,a4
     94e:	c15c                	sw	a5,4(a0)
     950:	451c                	lw	a5,8(a0)
     952:	fff1f737          	lui	a4,0xfff1f
     956:	7fd70713          	addi	a4,a4,2045 # fff1f7fd <_eusrstack+0xdff1a7fd>
     95a:	45d4                	lw	a3,12(a1)
     95c:	8f7d                	and	a4,a4,a5
     95e:	499c                	lw	a5,16(a1)
     960:	8fd5                	or	a5,a5,a3
     962:	4594                	lw	a3,8(a1)
     964:	0686                	slli	a3,a3,0x1
     966:	8fd5                	or	a5,a5,a3
     968:	8fd9                	or	a5,a5,a4
     96a:	c51c                	sw	a5,8(a0)
     96c:	555c                	lw	a5,44(a0)
     96e:	ff100737          	lui	a4,0xff100
     972:	177d                	addi	a4,a4,-1
     974:	8f7d                	and	a4,a4,a5
     976:	0145c783          	lbu	a5,20(a1)
     97a:	17fd                	addi	a5,a5,-1
     97c:	0ff7f793          	andi	a5,a5,255
     980:	07d2                	slli	a5,a5,0x14
     982:	8fd9                	or	a5,a5,a4
     984:	d55c                	sw	a5,44(a0)
     986:	8082                	ret

00000988 <ADC_Cmd>:
     988:	451c                	lw	a5,8(a0)
     98a:	c589                	beqz	a1,994 <ADC_Cmd+0xc>
     98c:	0017e793          	ori	a5,a5,1
     990:	c51c                	sw	a5,8(a0)
     992:	8082                	ret
     994:	9bf9                	andi	a5,a5,-2
     996:	bfed                	j	990 <ADC_Cmd+0x8>

00000998 <ADC_DMACmd>:
     998:	451c                	lw	a5,8(a0)
     99a:	c589                	beqz	a1,9a4 <ADC_DMACmd+0xc>
     99c:	1007e793          	ori	a5,a5,256
     9a0:	c51c                	sw	a5,8(a0)
     9a2:	8082                	ret
     9a4:	eff7f793          	andi	a5,a5,-257
     9a8:	bfe5                	j	9a0 <ADC_DMACmd+0x8>

000009aa <ADC_ResetCalibration>:
     9aa:	451c                	lw	a5,8(a0)
     9ac:	0087e793          	ori	a5,a5,8
     9b0:	c51c                	sw	a5,8(a0)
     9b2:	8082                	ret

000009b4 <ADC_GetResetCalibrationStatus>:
     9b4:	4508                	lw	a0,8(a0)
     9b6:	810d                	srli	a0,a0,0x3
     9b8:	8905                	andi	a0,a0,1
     9ba:	8082                	ret

000009bc <ADC_StartCalibration>:
     9bc:	451c                	lw	a5,8(a0)
     9be:	0047e793          	ori	a5,a5,4
     9c2:	c51c                	sw	a5,8(a0)
     9c4:	8082                	ret

000009c6 <ADC_GetCalibrationStatus>:
     9c6:	4508                	lw	a0,8(a0)
     9c8:	8109                	srli	a0,a0,0x2
     9ca:	8905                	andi	a0,a0,1
     9cc:	8082                	ret

000009ce <ADC_SoftwareStartConvCmd>:
     9ce:	451c                	lw	a5,8(a0)
     9d0:	c591                	beqz	a1,9dc <ADC_SoftwareStartConvCmd+0xe>
     9d2:	00500737          	lui	a4,0x500
     9d6:	8fd9                	or	a5,a5,a4
     9d8:	c51c                	sw	a5,8(a0)
     9da:	8082                	ret
     9dc:	ffb00737          	lui	a4,0xffb00
     9e0:	177d                	addi	a4,a4,-1
     9e2:	8ff9                	and	a5,a5,a4
     9e4:	bfd5                	j	9d8 <ADC_SoftwareStartConvCmd+0xa>

000009e6 <ADC_RegularChannelConfig>:
     9e6:	47a5                	li	a5,9
     9e8:	04b7f763          	bgeu	a5,a1,a36 <ADC_RegularChannelConfig+0x50>
     9ec:	478d                	li	a5,3
     9ee:	ff658713          	addi	a4,a1,-10
     9f2:	02f70733          	mul	a4,a4,a5
     9f6:	00c52803          	lw	a6,12(a0)
     9fa:	479d                	li	a5,7
     9fc:	00e797b3          	sll	a5,a5,a4
     a00:	fff7c793          	not	a5,a5
     a04:	0107f7b3          	and	a5,a5,a6
     a08:	00e696b3          	sll	a3,a3,a4
     a0c:	8edd                	or	a3,a3,a5
     a0e:	c554                	sw	a3,12(a0)
     a10:	4799                	li	a5,6
     a12:	04c7e363          	bltu	a5,a2,a58 <ADC_RegularChannelConfig+0x72>
     a16:	4795                	li	a5,5
     a18:	167d                	addi	a2,a2,-1
     a1a:	02f60633          	mul	a2,a2,a5
     a1e:	5958                	lw	a4,52(a0)
     a20:	47fd                	li	a5,31
     a22:	00c797b3          	sll	a5,a5,a2
     a26:	fff7c793          	not	a5,a5
     a2a:	8ff9                	and	a5,a5,a4
     a2c:	00c59633          	sll	a2,a1,a2
     a30:	8e5d                	or	a2,a2,a5
     a32:	d950                	sw	a2,52(a0)
     a34:	8082                	ret
     a36:	470d                	li	a4,3
     a38:	02e58733          	mul	a4,a1,a4
     a3c:	01052803          	lw	a6,16(a0)
     a40:	479d                	li	a5,7
     a42:	00e797b3          	sll	a5,a5,a4
     a46:	fff7c793          	not	a5,a5
     a4a:	0107f7b3          	and	a5,a5,a6
     a4e:	00e696b3          	sll	a3,a3,a4
     a52:	8edd                	or	a3,a3,a5
     a54:	c914                	sw	a3,16(a0)
     a56:	bf6d                	j	a10 <ADC_RegularChannelConfig+0x2a>
     a58:	47b1                	li	a5,12
     a5a:	02c7e263          	bltu	a5,a2,a7e <ADC_RegularChannelConfig+0x98>
     a5e:	4795                	li	a5,5
     a60:	1665                	addi	a2,a2,-7
     a62:	02f60633          	mul	a2,a2,a5
     a66:	5918                	lw	a4,48(a0)
     a68:	47fd                	li	a5,31
     a6a:	00c797b3          	sll	a5,a5,a2
     a6e:	fff7c793          	not	a5,a5
     a72:	8ff9                	and	a5,a5,a4
     a74:	00c59633          	sll	a2,a1,a2
     a78:	8e5d                	or	a2,a2,a5
     a7a:	d910                	sw	a2,48(a0)
     a7c:	8082                	ret
     a7e:	4795                	li	a5,5
     a80:	164d                	addi	a2,a2,-13
     a82:	02f60633          	mul	a2,a2,a5
     a86:	5558                	lw	a4,44(a0)
     a88:	47fd                	li	a5,31
     a8a:	00c797b3          	sll	a5,a5,a2
     a8e:	fff7c793          	not	a5,a5
     a92:	8ff9                	and	a5,a5,a4
     a94:	00c595b3          	sll	a1,a1,a2
     a98:	8ddd                	or	a1,a1,a5
     a9a:	d54c                	sw	a1,44(a0)
     a9c:	8082                	ret

00000a9e <Get_CalibrationValue>:
     a9e:	ed2ff2ef          	jal	t0,170 <__riscv_save_0>
     aa2:	1101                	addi	sp,sp,-32
     aa4:	842a                	mv	s0,a0
     aa6:	00010423          	sb	zero,8(sp)
     aaa:	44a5                	li	s1,9
     aac:	00814783          	lbu	a5,8(sp)
     ab0:	04f4ff63          	bgeu	s1,a5,b0e <Get_CalibrationValue+0x70>
     ab4:	00010423          	sb	zero,8(sp)
     ab8:	46a5                	li	a3,9
     aba:	4621                	li	a2,8
     abc:	00814783          	lbu	a5,8(sp)
     ac0:	08f6f563          	bgeu	a3,a5,b4a <Get_CalibrationValue+0xac>
     ac4:	00011523          	sh	zero,10(sp)
     ac8:	00010423          	sb	zero,8(sp)
     acc:	4695                	li	a3,5
     ace:	00814783          	lbu	a5,8(sp)
     ad2:	10f6f363          	bgeu	a3,a5,bd8 <Get_CalibrationValue+0x13a>
     ad6:	00a15703          	lhu	a4,10(sp)
     ada:	00a15783          	lhu	a5,10(sp)
     ade:	4699                	li	a3,6
     ae0:	460d                	li	a2,3
     ae2:	02d7f7b3          	remu	a5,a5,a3
     ae6:	6505                	lui	a0,0x1
     ae8:	80050513          	addi	a0,a0,-2048 # 800 <__stack_size>
     aec:	02c7d7b3          	divu	a5,a5,a2
     af0:	02d75733          	divu	a4,a4,a3
     af4:	97ba                	add	a5,a5,a4
     af6:	07c2                	slli	a5,a5,0x10
     af8:	83c1                	srli	a5,a5,0x10
     afa:	00f11523          	sh	a5,10(sp)
     afe:	00a15783          	lhu	a5,10(sp)
     b02:	6105                	addi	sp,sp,32
     b04:	8d1d                	sub	a0,a0,a5
     b06:	0542                	slli	a0,a0,0x10
     b08:	8541                	srai	a0,a0,0x10
     b0a:	e8aff06f          	j	194 <__riscv_restore_0>
     b0e:	441c                	lw	a5,8(s0)
     b10:	0087e793          	ori	a5,a5,8
     b14:	c41c                	sw	a5,8(s0)
     b16:	8522                	mv	a0,s0
     b18:	3d71                	jal	9b4 <ADC_GetResetCalibrationStatus>
     b1a:	fd75                	bnez	a0,b16 <Get_CalibrationValue+0x78>
     b1c:	441c                	lw	a5,8(s0)
     b1e:	0047e793          	ori	a5,a5,4
     b22:	c41c                	sw	a5,8(s0)
     b24:	8522                	mv	a0,s0
     b26:	3545                	jal	9c6 <ADC_GetCalibrationStatus>
     b28:	fd75                	bnez	a0,b24 <Get_CalibrationValue+0x86>
     b2a:	4478                	lw	a4,76(s0)
     b2c:	00814783          	lbu	a5,8(sp)
     b30:	1014                	addi	a3,sp,32
     b32:	0786                	slli	a5,a5,0x1
     b34:	97b6                	add	a5,a5,a3
     b36:	fee79623          	sh	a4,-20(a5)
     b3a:	00814783          	lbu	a5,8(sp)
     b3e:	0785                	addi	a5,a5,1
     b40:	0ff7f793          	andi	a5,a5,255
     b44:	00f10423          	sb	a5,8(sp)
     b48:	b795                	j	aac <Get_CalibrationValue+0xe>
     b4a:	000104a3          	sb	zero,9(sp)
     b4e:	00914783          	lbu	a5,9(sp)
     b52:	00f67a63          	bgeu	a2,a5,b66 <Get_CalibrationValue+0xc8>
     b56:	00814783          	lbu	a5,8(sp)
     b5a:	0785                	addi	a5,a5,1
     b5c:	0ff7f793          	andi	a5,a5,255
     b60:	00f10423          	sb	a5,8(sp)
     b64:	bfa1                	j	abc <Get_CalibrationValue+0x1e>
     b66:	00914703          	lbu	a4,9(sp)
     b6a:	00914783          	lbu	a5,9(sp)
     b6e:	100c                	addi	a1,sp,32
     b70:	0706                	slli	a4,a4,0x1
     b72:	0785                	addi	a5,a5,1
     b74:	0786                	slli	a5,a5,0x1
     b76:	972e                	add	a4,a4,a1
     b78:	97ae                	add	a5,a5,a1
     b7a:	fec75703          	lhu	a4,-20(a4) # ffafffec <_eusrstack+0xdfafafec>
     b7e:	fec7d783          	lhu	a5,-20(a5)
     b82:	04e7f363          	bgeu	a5,a4,bc8 <Get_CalibrationValue+0x12a>
     b86:	00914783          	lbu	a5,9(sp)
     b8a:	0786                	slli	a5,a5,0x1
     b8c:	97ae                	add	a5,a5,a1
     b8e:	fec7d783          	lhu	a5,-20(a5)
     b92:	00f11523          	sh	a5,10(sp)
     b96:	00914783          	lbu	a5,9(sp)
     b9a:	00914703          	lbu	a4,9(sp)
     b9e:	0785                	addi	a5,a5,1
     ba0:	0786                	slli	a5,a5,0x1
     ba2:	97ae                	add	a5,a5,a1
     ba4:	fec7d583          	lhu	a1,-20(a5)
     ba8:	00171793          	slli	a5,a4,0x1
     bac:	1018                	addi	a4,sp,32
     bae:	97ba                	add	a5,a5,a4
     bb0:	feb79623          	sh	a1,-20(a5)
     bb4:	00914783          	lbu	a5,9(sp)
     bb8:	00a15703          	lhu	a4,10(sp)
     bbc:	100c                	addi	a1,sp,32
     bbe:	0785                	addi	a5,a5,1
     bc0:	0786                	slli	a5,a5,0x1
     bc2:	97ae                	add	a5,a5,a1
     bc4:	fee79623          	sh	a4,-20(a5)
     bc8:	00914783          	lbu	a5,9(sp)
     bcc:	0785                	addi	a5,a5,1
     bce:	0ff7f793          	andi	a5,a5,255
     bd2:	00f104a3          	sb	a5,9(sp)
     bd6:	bfa5                	j	b4e <Get_CalibrationValue+0xb0>
     bd8:	00814783          	lbu	a5,8(sp)
     bdc:	1010                	addi	a2,sp,32
     bde:	00a15703          	lhu	a4,10(sp)
     be2:	0789                	addi	a5,a5,2
     be4:	0786                	slli	a5,a5,0x1
     be6:	97b2                	add	a5,a5,a2
     be8:	fec7d783          	lhu	a5,-20(a5)
     bec:	97ba                	add	a5,a5,a4
     bee:	07c2                	slli	a5,a5,0x10
     bf0:	83c1                	srli	a5,a5,0x10
     bf2:	00f11523          	sh	a5,10(sp)
     bf6:	00814783          	lbu	a5,8(sp)
     bfa:	0785                	addi	a5,a5,1
     bfc:	0ff7f793          	andi	a5,a5,255
     c00:	00f10423          	sb	a5,8(sp)
     c04:	b5e9                	j	ace <Get_CalibrationValue+0x30>

00000c06 <DMA_DeInit>:
     c06:	411c                	lw	a5,0(a0)
     c08:	6741                	lui	a4,0x10
     c0a:	1779                	addi	a4,a4,-2
     c0c:	8ff9                	and	a5,a5,a4
     c0e:	c11c                	sw	a5,0(a0)
     c10:	00052023          	sw	zero,0(a0)
     c14:	00052223          	sw	zero,4(a0)
     c18:	00052423          	sw	zero,8(a0)
     c1c:	400207b7          	lui	a5,0x40020
     c20:	00052623          	sw	zero,12(a0)
     c24:	00878713          	addi	a4,a5,8 # 40020008 <_eusrstack+0x2001b008>
     c28:	00e51763          	bne	a0,a4,c36 <DMA_DeInit+0x30>
     c2c:	43d8                	lw	a4,4(a5)
     c2e:	00f76713          	ori	a4,a4,15
     c32:	c3d8                	sw	a4,4(a5)
     c34:	8082                	ret
     c36:	01c78713          	addi	a4,a5,28
     c3a:	00e51663          	bne	a0,a4,c46 <DMA_DeInit+0x40>
     c3e:	43d8                	lw	a4,4(a5)
     c40:	0f076713          	ori	a4,a4,240
     c44:	b7fd                	j	c32 <DMA_DeInit+0x2c>
     c46:	03078713          	addi	a4,a5,48
     c4a:	00e51863          	bne	a0,a4,c5a <DMA_DeInit+0x54>
     c4e:	43d8                	lw	a4,4(a5)
     c50:	6685                	lui	a3,0x1
     c52:	f0068693          	addi	a3,a3,-256 # f00 <RCC_GetClocksFreq+0x62>
     c56:	8f55                	or	a4,a4,a3
     c58:	bfe9                	j	c32 <DMA_DeInit+0x2c>
     c5a:	04478713          	addi	a4,a5,68
     c5e:	00e51563          	bne	a0,a4,c68 <DMA_DeInit+0x62>
     c62:	43d8                	lw	a4,4(a5)
     c64:	66bd                	lui	a3,0xf
     c66:	bfc5                	j	c56 <DMA_DeInit+0x50>
     c68:	05878713          	addi	a4,a5,88
     c6c:	00e51663          	bne	a0,a4,c78 <DMA_DeInit+0x72>
     c70:	43d8                	lw	a4,4(a5)
     c72:	000f06b7          	lui	a3,0xf0
     c76:	b7c5                	j	c56 <DMA_DeInit+0x50>
     c78:	06c78713          	addi	a4,a5,108
     c7c:	00e51663          	bne	a0,a4,c88 <DMA_DeInit+0x82>
     c80:	43d8                	lw	a4,4(a5)
     c82:	00f006b7          	lui	a3,0xf00
     c86:	bfc1                	j	c56 <DMA_DeInit+0x50>
     c88:	08078713          	addi	a4,a5,128
     c8c:	00e51663          	bne	a0,a4,c98 <DMA_DeInit+0x92>
     c90:	43d8                	lw	a4,4(a5)
     c92:	0f0006b7          	lui	a3,0xf000
     c96:	b7c1                	j	c56 <DMA_DeInit+0x50>
     c98:	40878713          	addi	a4,a5,1032
     c9c:	00e51963          	bne	a0,a4,cae <DMA_DeInit+0xa8>
     ca0:	4047a703          	lw	a4,1028(a5)
     ca4:	00f76713          	ori	a4,a4,15
     ca8:	40e7a223          	sw	a4,1028(a5)
     cac:	8082                	ret
     cae:	41c78713          	addi	a4,a5,1052
     cb2:	00e51763          	bne	a0,a4,cc0 <DMA_DeInit+0xba>
     cb6:	4047a703          	lw	a4,1028(a5)
     cba:	0f076713          	ori	a4,a4,240
     cbe:	b7ed                	j	ca8 <DMA_DeInit+0xa2>
     cc0:	43078793          	addi	a5,a5,1072
     cc4:	00f51b63          	bne	a0,a5,cda <DMA_DeInit+0xd4>
     cc8:	400207b7          	lui	a5,0x40020
     ccc:	4047a703          	lw	a4,1028(a5) # 40020404 <_eusrstack+0x2001b404>
     cd0:	6685                	lui	a3,0x1
     cd2:	f0068693          	addi	a3,a3,-256 # f00 <RCC_GetClocksFreq+0x62>
     cd6:	8f55                	or	a4,a4,a3
     cd8:	bfc1                	j	ca8 <DMA_DeInit+0xa2>
     cda:	400207b7          	lui	a5,0x40020
     cde:	44478713          	addi	a4,a5,1092 # 40020444 <_eusrstack+0x2001b444>
     ce2:	00e51663          	bne	a0,a4,cee <DMA_DeInit+0xe8>
     ce6:	4047a703          	lw	a4,1028(a5)
     cea:	66bd                	lui	a3,0xf
     cec:	b7ed                	j	cd6 <DMA_DeInit+0xd0>
     cee:	45878713          	addi	a4,a5,1112
     cf2:	fae51de3          	bne	a0,a4,cac <DMA_DeInit+0xa6>
     cf6:	4047a703          	lw	a4,1028(a5)
     cfa:	000f06b7          	lui	a3,0xf0
     cfe:	bfe1                	j	cd6 <DMA_DeInit+0xd0>

00000d00 <DMA_Init>:
     d00:	411c                	lw	a5,0(a0)
     d02:	7761                	lui	a4,0xffff8
     d04:	073d                	addi	a4,a4,15
     d06:	5194                	lw	a3,32(a1)
     d08:	8f7d                	and	a4,a4,a5
     d0a:	459c                	lw	a5,8(a1)
     d0c:	8fd5                	or	a5,a5,a3
     d0e:	4994                	lw	a3,16(a1)
     d10:	8fd5                	or	a5,a5,a3
     d12:	49d4                	lw	a3,20(a1)
     d14:	8fd5                	or	a5,a5,a3
     d16:	4d94                	lw	a3,24(a1)
     d18:	8fd5                	or	a5,a5,a3
     d1a:	4dd4                	lw	a3,28(a1)
     d1c:	8fd5                	or	a5,a5,a3
     d1e:	51d4                	lw	a3,36(a1)
     d20:	8fd5                	or	a5,a5,a3
     d22:	5594                	lw	a3,40(a1)
     d24:	8fd5                	or	a5,a5,a3
     d26:	8fd9                	or	a5,a5,a4
     d28:	c11c                	sw	a5,0(a0)
     d2a:	45dc                	lw	a5,12(a1)
     d2c:	c15c                	sw	a5,4(a0)
     d2e:	419c                	lw	a5,0(a1)
     d30:	c51c                	sw	a5,8(a0)
     d32:	41dc                	lw	a5,4(a1)
     d34:	c55c                	sw	a5,12(a0)
     d36:	8082                	ret

00000d38 <DMA_Cmd>:
     d38:	411c                	lw	a5,0(a0)
     d3a:	c589                	beqz	a1,d44 <DMA_Cmd+0xc>
     d3c:	0017e793          	ori	a5,a5,1
     d40:	c11c                	sw	a5,0(a0)
     d42:	8082                	ret
     d44:	6741                	lui	a4,0x10
     d46:	1779                	addi	a4,a4,-2
     d48:	8ff9                	and	a5,a5,a4
     d4a:	bfdd                	j	d40 <DMA_Cmd+0x8>

00000d4c <GPIO_Init>:
     d4c:	459c                	lw	a5,8(a1)
     d4e:	0107f713          	andi	a4,a5,16
     d52:	00f7f813          	andi	a6,a5,15
     d56:	c701                	beqz	a4,d5e <GPIO_Init+0x12>
     d58:	41d8                	lw	a4,4(a1)
     d5a:	00e86833          	or	a6,a6,a4
     d5e:	0005d583          	lhu	a1,0(a1)
     d62:	0ff5f713          	andi	a4,a1,255
     d66:	c339                	beqz	a4,dac <GPIO_Init+0x60>
     d68:	4118                	lw	a4,0(a0)
     d6a:	4681                	li	a3,0
     d6c:	4e85                	li	t4,1
     d6e:	4f3d                	li	t5,15
     d70:	02800f93          	li	t6,40
     d74:	04800293          	li	t0,72
     d78:	4e21                	li	t3,8
     d7a:	00de9633          	sll	a2,t4,a3
     d7e:	00c5f8b3          	and	a7,a1,a2
     d82:	03161163          	bne	a2,a7,da4 <GPIO_Init+0x58>
     d86:	00269893          	slli	a7,a3,0x2
     d8a:	011f1333          	sll	t1,t5,a7
     d8e:	fff34313          	not	t1,t1
     d92:	00e37733          	and	a4,t1,a4
     d96:	011818b3          	sll	a7,a6,a7
     d9a:	00e8e733          	or	a4,a7,a4
     d9e:	05f79f63          	bne	a5,t6,dfc <GPIO_Init+0xb0>
     da2:	c950                	sw	a2,20(a0)
     da4:	0685                	addi	a3,a3,1
     da6:	fdc69ae3          	bne	a3,t3,d7a <GPIO_Init+0x2e>
     daa:	c118                	sw	a4,0(a0)
     dac:	0ff00713          	li	a4,255
     db0:	04b77563          	bgeu	a4,a1,dfa <GPIO_Init+0xae>
     db4:	4154                	lw	a3,4(a0)
     db6:	4621                	li	a2,8
     db8:	4e85                	li	t4,1
     dba:	4f3d                	li	t5,15
     dbc:	02800f93          	li	t6,40
     dc0:	04800293          	li	t0,72
     dc4:	4e41                	li	t3,16
     dc6:	00ce98b3          	sll	a7,t4,a2
     dca:	0115f733          	and	a4,a1,a7
     dce:	02e89263          	bne	a7,a4,df2 <GPIO_Init+0xa6>
     dd2:	00261713          	slli	a4,a2,0x2
     dd6:	1701                	addi	a4,a4,-32
     dd8:	00ef1333          	sll	t1,t5,a4
     ddc:	fff34313          	not	t1,t1
     de0:	00d376b3          	and	a3,t1,a3
     de4:	00e81733          	sll	a4,a6,a4
     de8:	8ed9                	or	a3,a3,a4
     dea:	01f79d63          	bne	a5,t6,e04 <GPIO_Init+0xb8>
     dee:	01152a23          	sw	a7,20(a0)
     df2:	0605                	addi	a2,a2,1
     df4:	fdc619e3          	bne	a2,t3,dc6 <GPIO_Init+0x7a>
     df8:	c154                	sw	a3,4(a0)
     dfa:	8082                	ret
     dfc:	fa5794e3          	bne	a5,t0,da4 <GPIO_Init+0x58>
     e00:	c910                	sw	a2,16(a0)
     e02:	b74d                	j	da4 <GPIO_Init+0x58>
     e04:	fe5797e3          	bne	a5,t0,df2 <GPIO_Init+0xa6>
     e08:	01152823          	sw	a7,16(a0)
     e0c:	b7dd                	j	df2 <GPIO_Init+0xa6>

00000e0e <NVIC_PriorityGroupConfig>:
     e0e:	e000e7b7          	lui	a5,0xe000e
     e12:	fa050737          	lui	a4,0xfa050
     e16:	c7b8                	sw	a4,72(a5)
     e18:	82a1a623          	sw	a0,-2004(gp) # 200000ac <NVIC_Priority_Group>
     e1c:	8082                	ret

00000e1e <NVIC_Init>:
     e1e:	82c1a683          	lw	a3,-2004(gp) # 200000ac <NVIC_Priority_Group>
     e22:	4785                	li	a5,1
     e24:	00054703          	lbu	a4,0(a0)
     e28:	02f69263          	bne	a3,a5,e4c <NVIC_Init+0x2e>
     e2c:	00154783          	lbu	a5,1(a0)
     e30:	02d79d63          	bne	a5,a3,e6a <NVIC_Init+0x4c>
     e34:	00254783          	lbu	a5,2(a0)
     e38:	0792                	slli	a5,a5,0x4
     e3a:	f807e793          	ori	a5,a5,-128
     e3e:	e000e6b7          	lui	a3,0xe000e
     e42:	0ff7f793          	andi	a5,a5,255
     e46:	96ba                	add	a3,a3,a4
     e48:	40f68023          	sb	a5,1024(a3) # e000e400 <_eusrstack+0xc0009400>
     e4c:	4685                	li	a3,1
     e4e:	00575793          	srli	a5,a4,0x5
     e52:	00e696b3          	sll	a3,a3,a4
     e56:	4158                	lw	a4,4(a0)
     e58:	cf11                	beqz	a4,e74 <NVIC_Init+0x56>
     e5a:	04078793          	addi	a5,a5,64 # e000e040 <_eusrstack+0xc0009040>
     e5e:	078a                	slli	a5,a5,0x2
     e60:	e000e737          	lui	a4,0xe000e
     e64:	97ba                	add	a5,a5,a4
     e66:	c394                	sw	a3,0(a5)
     e68:	8082                	ret
     e6a:	f3ed                	bnez	a5,e4c <NVIC_Init+0x2e>
     e6c:	00254783          	lbu	a5,2(a0)
     e70:	0792                	slli	a5,a5,0x4
     e72:	b7f1                	j	e3e <NVIC_Init+0x20>
     e74:	e000e737          	lui	a4,0xe000e
     e78:	06078793          	addi	a5,a5,96
     e7c:	4330                	lw	a2,64(a4)
     e7e:	45c1                	li	a1,16
     e80:	078a                	slli	a5,a5,0x2
     e82:	c32c                	sw	a1,64(a4)
     e84:	97ba                	add	a5,a5,a4
     e86:	c394                	sw	a3,0(a5)
     e88:	c330                	sw	a2,64(a4)
     e8a:	8082                	ret

00000e8c <RCC_ADCCLKConfig>:
     e8c:	400216b7          	lui	a3,0x40021
     e90:	42dc                	lw	a5,4(a3)
     e92:	7751                	lui	a4,0xffff4
     e94:	177d                	addi	a4,a4,-1
     e96:	8ff9                	and	a5,a5,a4
     e98:	8d5d                	or	a0,a0,a5
     e9a:	c2c8                	sw	a0,4(a3)
     e9c:	8082                	ret

00000e9e <RCC_GetClocksFreq>:
     e9e:	40021737          	lui	a4,0x40021
     ea2:	435c                	lw	a5,4(a4)
     ea4:	4691                	li	a3,4
     ea6:	8bb1                	andi	a5,a5,12
     ea8:	00d78563          	beq	a5,a3,eb2 <RCC_GetClocksFreq+0x14>
     eac:	46a1                	li	a3,8
     eae:	06d78663          	beq	a5,a3,f1a <RCC_GetClocksFreq+0x7c>
     eb2:	007a17b7          	lui	a5,0x7a1
     eb6:	20078793          	addi	a5,a5,512 # 7a1200 <_data_lma+0x79f328>
     eba:	c11c                	sw	a5,0(a0)
     ebc:	40021637          	lui	a2,0x40021
     ec0:	425c                	lw	a5,4(a2)
     ec2:	20000737          	lui	a4,0x20000
     ec6:	01070713          	addi	a4,a4,16 # 20000010 <APBAHBPrescTable>
     eca:	8391                	srli	a5,a5,0x4
     ecc:	8bbd                	andi	a5,a5,15
     ece:	97ba                	add	a5,a5,a4
     ed0:	0007c683          	lbu	a3,0(a5)
     ed4:	411c                	lw	a5,0(a0)
     ed6:	00d7d7b3          	srl	a5,a5,a3
     eda:	c15c                	sw	a5,4(a0)
     edc:	4254                	lw	a3,4(a2)
     ede:	82a1                	srli	a3,a3,0x8
     ee0:	8a9d                	andi	a3,a3,7
     ee2:	96ba                	add	a3,a3,a4
     ee4:	0006c683          	lbu	a3,0(a3) # 40021000 <_eusrstack+0x2001c000>
     ee8:	00d7d6b3          	srl	a3,a5,a3
     eec:	c514                	sw	a3,8(a0)
     eee:	4254                	lw	a3,4(a2)
     ef0:	82ad                	srli	a3,a3,0xb
     ef2:	8a9d                	andi	a3,a3,7
     ef4:	9736                	add	a4,a4,a3
     ef6:	00074703          	lbu	a4,0(a4)
     efa:	00e7d7b3          	srl	a5,a5,a4
     efe:	c55c                	sw	a5,12(a0)
     f00:	4258                	lw	a4,4(a2)
     f02:	8339                	srli	a4,a4,0xe
     f04:	00377693          	andi	a3,a4,3
     f08:	80418713          	addi	a4,gp,-2044 # 20000084 <ADCPrescTable>
     f0c:	9736                	add	a4,a4,a3
     f0e:	00074703          	lbu	a4,0(a4)
     f12:	02e7d7b3          	divu	a5,a5,a4
     f16:	c91c                	sw	a5,16(a0)
     f18:	8082                	ret
     f1a:	435c                	lw	a5,4(a4)
     f1c:	4354                	lw	a3,4(a4)
     f1e:	83c9                	srli	a5,a5,0x12
     f20:	8bbd                	andi	a5,a5,15
     f22:	00f69613          	slli	a2,a3,0xf
     f26:	0789                	addi	a5,a5,2
     f28:	00064d63          	bltz	a2,f42 <RCC_GetClocksFreq+0xa4>
     f2c:	40024737          	lui	a4,0x40024
     f30:	80072703          	lw	a4,-2048(a4) # 40023800 <_eusrstack+0x2001e800>
     f34:	8b41                	andi	a4,a4,16
     f36:	cb19                	beqz	a4,f4c <RCC_GetClocksFreq+0xae>
     f38:	007a1737          	lui	a4,0x7a1
     f3c:	20070713          	addi	a4,a4,512 # 7a1200 <_data_lma+0x79f328>
     f40:	a811                	j	f54 <RCC_GetClocksFreq+0xb6>
     f42:	4358                	lw	a4,4(a4)
     f44:	00e71693          	slli	a3,a4,0xe
     f48:	fe06d8e3          	bgez	a3,f38 <RCC_GetClocksFreq+0x9a>
     f4c:	003d1737          	lui	a4,0x3d1
     f50:	90070713          	addi	a4,a4,-1792 # 3d0900 <_data_lma+0x3cea28>
     f54:	02e787b3          	mul	a5,a5,a4
     f58:	b78d                	j	eba <RCC_GetClocksFreq+0x1c>

00000f5a <RCC_AHBPeriphClockCmd>:
     f5a:	c599                	beqz	a1,f68 <RCC_AHBPeriphClockCmd+0xe>
     f5c:	40021737          	lui	a4,0x40021
     f60:	4b5c                	lw	a5,20(a4)
     f62:	8d5d                	or	a0,a0,a5
     f64:	cb48                	sw	a0,20(a4)
     f66:	8082                	ret
     f68:	400217b7          	lui	a5,0x40021
     f6c:	4bd8                	lw	a4,20(a5)
     f6e:	fff54513          	not	a0,a0
     f72:	8d79                	and	a0,a0,a4
     f74:	cbc8                	sw	a0,20(a5)
     f76:	8082                	ret

00000f78 <RCC_APB2PeriphClockCmd>:
     f78:	c599                	beqz	a1,f86 <RCC_APB2PeriphClockCmd+0xe>
     f7a:	40021737          	lui	a4,0x40021
     f7e:	4f1c                	lw	a5,24(a4)
     f80:	8d5d                	or	a0,a0,a5
     f82:	cf08                	sw	a0,24(a4)
     f84:	8082                	ret
     f86:	400217b7          	lui	a5,0x40021
     f8a:	4f98                	lw	a4,24(a5)
     f8c:	fff54513          	not	a0,a0
     f90:	8d79                	and	a0,a0,a4
     f92:	cf88                	sw	a0,24(a5)
     f94:	8082                	ret

00000f96 <RCC_APB2PeriphResetCmd>:
     f96:	c599                	beqz	a1,fa4 <RCC_APB2PeriphResetCmd+0xe>
     f98:	40021737          	lui	a4,0x40021
     f9c:	475c                	lw	a5,12(a4)
     f9e:	8d5d                	or	a0,a0,a5
     fa0:	c748                	sw	a0,12(a4)
     fa2:	8082                	ret
     fa4:	400217b7          	lui	a5,0x40021
     fa8:	47d8                	lw	a4,12(a5)
     faa:	fff54513          	not	a0,a0
     fae:	8d79                	and	a0,a0,a4
     fb0:	c7c8                	sw	a0,12(a5)
     fb2:	8082                	ret

00000fb4 <TIM_TimeBaseInit>:
     fb4:	00055783          	lhu	a5,0(a0)
     fb8:	40013737          	lui	a4,0x40013
     fbc:	c0070713          	addi	a4,a4,-1024 # 40012c00 <_eusrstack+0x2000dc00>
     fc0:	07c2                	slli	a5,a5,0x10
     fc2:	83c1                	srli	a5,a5,0x10
     fc4:	02e50063          	beq	a0,a4,fe4 <TIM_TimeBaseInit+0x30>
     fc8:	40000737          	lui	a4,0x40000
     fcc:	00e50c63          	beq	a0,a4,fe4 <TIM_TimeBaseInit+0x30>
     fd0:	40070713          	addi	a4,a4,1024 # 40000400 <_eusrstack+0x1fffb400>
     fd4:	00e50863          	beq	a0,a4,fe4 <TIM_TimeBaseInit+0x30>
     fd8:	40001737          	lui	a4,0x40001
     fdc:	80070713          	addi	a4,a4,-2048 # 40000800 <_eusrstack+0x1fffb800>
     fe0:	00e51763          	bne	a0,a4,fee <TIM_TimeBaseInit+0x3a>
     fe4:	0025d703          	lhu	a4,2(a1)
     fe8:	f8f7f793          	andi	a5,a5,-113
     fec:	8fd9                	or	a5,a5,a4
     fee:	0065d703          	lhu	a4,6(a1)
     ff2:	cff7f793          	andi	a5,a5,-769
     ff6:	07c2                	slli	a5,a5,0x10
     ff8:	83c1                	srli	a5,a5,0x10
     ffa:	8fd9                	or	a5,a5,a4
     ffc:	00f51023          	sh	a5,0(a0)
    1000:	0045d783          	lhu	a5,4(a1)
    1004:	02f51623          	sh	a5,44(a0)
    1008:	0005d783          	lhu	a5,0(a1)
    100c:	02f51423          	sh	a5,40(a0)
    1010:	400137b7          	lui	a5,0x40013
    1014:	c0078793          	addi	a5,a5,-1024 # 40012c00 <_eusrstack+0x2000dc00>
    1018:	00f51663          	bne	a0,a5,1024 <TIM_TimeBaseInit+0x70>
    101c:	0085c783          	lbu	a5,8(a1)
    1020:	02f51823          	sh	a5,48(a0)
    1024:	4785                	li	a5,1
    1026:	00f51a23          	sh	a5,20(a0)
    102a:	8082                	ret

0000102c <TIM_OC1Init>:
    102c:	02055783          	lhu	a5,32(a0)
    1030:	0005d603          	lhu	a2,0(a1)
    1034:	0025d803          	lhu	a6,2(a1)
    1038:	07c2                	slli	a5,a5,0x10
    103a:	83c1                	srli	a5,a5,0x10
    103c:	9bf9                	andi	a5,a5,-2
    103e:	07c2                	slli	a5,a5,0x10
    1040:	83c1                	srli	a5,a5,0x10
    1042:	02f51023          	sh	a5,32(a0)
    1046:	02055783          	lhu	a5,32(a0)
    104a:	00455683          	lhu	a3,4(a0)
    104e:	01855703          	lhu	a4,24(a0)
    1052:	07c2                	slli	a5,a5,0x10
    1054:	83c1                	srli	a5,a5,0x10
    1056:	0742                	slli	a4,a4,0x10
    1058:	8341                	srli	a4,a4,0x10
    105a:	f8c77713          	andi	a4,a4,-116
    105e:	8f51                	or	a4,a4,a2
    1060:	0085d603          	lhu	a2,8(a1)
    1064:	9bf5                	andi	a5,a5,-3
    1066:	06c2                	slli	a3,a3,0x10
    1068:	01066633          	or	a2,a2,a6
    106c:	8fd1                	or	a5,a5,a2
    106e:	40013637          	lui	a2,0x40013
    1072:	c0060613          	addi	a2,a2,-1024 # 40012c00 <_eusrstack+0x2000dc00>
    1076:	82c1                	srli	a3,a3,0x10
    1078:	02c51363          	bne	a0,a2,109e <TIM_OC1Init+0x72>
    107c:	00a5d603          	lhu	a2,10(a1)
    1080:	9bdd                	andi	a5,a5,-9
    1082:	00e5d803          	lhu	a6,14(a1)
    1086:	8fd1                	or	a5,a5,a2
    1088:	0045d603          	lhu	a2,4(a1)
    108c:	9bed                	andi	a5,a5,-5
    108e:	cff6f693          	andi	a3,a3,-769
    1092:	8fd1                	or	a5,a5,a2
    1094:	00c5d603          	lhu	a2,12(a1)
    1098:	01066633          	or	a2,a2,a6
    109c:	8ed1                	or	a3,a3,a2
    109e:	00d51223          	sh	a3,4(a0)
    10a2:	00e51c23          	sh	a4,24(a0)
    10a6:	0065d703          	lhu	a4,6(a1)
    10aa:	02e51a23          	sh	a4,52(a0)
    10ae:	02f51023          	sh	a5,32(a0)
    10b2:	8082                	ret

000010b4 <TIM_Cmd>:
    10b4:	00055783          	lhu	a5,0(a0)
    10b8:	c591                	beqz	a1,10c4 <TIM_Cmd+0x10>
    10ba:	0017e793          	ori	a5,a5,1
    10be:	00f51023          	sh	a5,0(a0)
    10c2:	8082                	ret
    10c4:	07c2                	slli	a5,a5,0x10
    10c6:	83c1                	srli	a5,a5,0x10
    10c8:	9bf9                	andi	a5,a5,-2
    10ca:	07c2                	slli	a5,a5,0x10
    10cc:	83c1                	srli	a5,a5,0x10
    10ce:	bfc5                	j	10be <TIM_Cmd+0xa>

000010d0 <TIM_CtrlPWMOutputs>:
    10d0:	04455783          	lhu	a5,68(a0)
    10d4:	c591                	beqz	a1,10e0 <TIM_CtrlPWMOutputs+0x10>
    10d6:	6721                	lui	a4,0x8
    10d8:	8fd9                	or	a5,a5,a4
    10da:	04f51223          	sh	a5,68(a0)
    10de:	8082                	ret
    10e0:	07c6                	slli	a5,a5,0x11
    10e2:	83c5                	srli	a5,a5,0x11
    10e4:	bfdd                	j	10da <TIM_CtrlPWMOutputs+0xa>

000010e6 <TIM_ARRPreloadConfig>:
    10e6:	00055783          	lhu	a5,0(a0)
    10ea:	c591                	beqz	a1,10f6 <TIM_ARRPreloadConfig+0x10>
    10ec:	0807e793          	ori	a5,a5,128
    10f0:	00f51023          	sh	a5,0(a0)
    10f4:	8082                	ret
    10f6:	07c2                	slli	a5,a5,0x10
    10f8:	83c1                	srli	a5,a5,0x10
    10fa:	f7f7f793          	andi	a5,a5,-129
    10fe:	07c2                	slli	a5,a5,0x10
    1100:	83c1                	srli	a5,a5,0x10
    1102:	b7fd                	j	10f0 <TIM_ARRPreloadConfig+0xa>

00001104 <TIM_OC1PreloadConfig>:
    1104:	01855783          	lhu	a5,24(a0)
    1108:	07c2                	slli	a5,a5,0x10
    110a:	83c1                	srli	a5,a5,0x10
    110c:	9bdd                	andi	a5,a5,-9
    110e:	8ddd                	or	a1,a1,a5
    1110:	00b51c23          	sh	a1,24(a0)
    1114:	8082                	ret

00001116 <USART_Init>:
    1116:	85aff2ef          	jal	t0,170 <__riscv_save_0>
    111a:	01055683          	lhu	a3,16(a0)
    111e:	77f5                	lui	a5,0xffffd
    1120:	17fd                	addi	a5,a5,-1
    1122:	8ff5                	and	a5,a5,a3
    1124:	0065d683          	lhu	a3,6(a1)
    1128:	00c5d703          	lhu	a4,12(a1)
    112c:	7179                	addi	sp,sp,-48
    112e:	8fd5                	or	a5,a5,a3
    1130:	00f51823          	sh	a5,16(a0)
    1134:	00c55683          	lhu	a3,12(a0)
    1138:	77fd                	lui	a5,0xfffff
    113a:	9f378793          	addi	a5,a5,-1549 # ffffe9f3 <_eusrstack+0xdfff99f3>
    113e:	8ff5                	and	a5,a5,a3
    1140:	0045d683          	lhu	a3,4(a1)
    1144:	842a                	mv	s0,a0
    1146:	c62e                	sw	a1,12(sp)
    1148:	8fd5                	or	a5,a5,a3
    114a:	0085d683          	lhu	a3,8(a1)
    114e:	8fd5                	or	a5,a5,a3
    1150:	00a5d683          	lhu	a3,10(a1)
    1154:	8fd5                	or	a5,a5,a3
    1156:	00f51623          	sh	a5,12(a0)
    115a:	01455783          	lhu	a5,20(a0)
    115e:	07c2                	slli	a5,a5,0x10
    1160:	83c1                	srli	a5,a5,0x10
    1162:	cff7f793          	andi	a5,a5,-769
    1166:	8fd9                	or	a5,a5,a4
    1168:	00f51a23          	sh	a5,20(a0)
    116c:	0868                	addi	a0,sp,28
    116e:	3b05                	jal	e9e <RCC_GetClocksFreq>
    1170:	400147b7          	lui	a5,0x40014
    1174:	80078793          	addi	a5,a5,-2048 # 40013800 <_eusrstack+0x2000e800>
    1178:	45b2                	lw	a1,12(sp)
    117a:	02f41f63          	bne	s0,a5,11b8 <USART_Init+0xa2>
    117e:	57a2                	lw	a5,40(sp)
    1180:	4765                	li	a4,25
    1182:	02e787b3          	mul	a5,a5,a4
    1186:	4198                	lw	a4,0(a1)
    1188:	06400693          	li	a3,100
    118c:	070a                	slli	a4,a4,0x2
    118e:	02e7d7b3          	divu	a5,a5,a4
    1192:	02d7d733          	divu	a4,a5,a3
    1196:	02d7f7b3          	remu	a5,a5,a3
    119a:	0712                	slli	a4,a4,0x4
    119c:	0792                	slli	a5,a5,0x4
    119e:	03278793          	addi	a5,a5,50
    11a2:	02d7d7b3          	divu	a5,a5,a3
    11a6:	8bbd                	andi	a5,a5,15
    11a8:	8fd9                	or	a5,a5,a4
    11aa:	07c2                	slli	a5,a5,0x10
    11ac:	83c1                	srli	a5,a5,0x10
    11ae:	00f41423          	sh	a5,8(s0)
    11b2:	6145                	addi	sp,sp,48
    11b4:	fe1fe06f          	j	194 <__riscv_restore_0>
    11b8:	5792                	lw	a5,36(sp)
    11ba:	b7d9                	j	1180 <USART_Init+0x6a>

000011bc <USART_Cmd>:
    11bc:	c981                	beqz	a1,11cc <USART_Cmd+0x10>
    11be:	00c55783          	lhu	a5,12(a0)
    11c2:	6709                	lui	a4,0x2
    11c4:	8fd9                	or	a5,a5,a4
    11c6:	00f51623          	sh	a5,12(a0)
    11ca:	8082                	ret
    11cc:	00c55703          	lhu	a4,12(a0)
    11d0:	77f9                	lui	a5,0xffffe
    11d2:	17fd                	addi	a5,a5,-1
    11d4:	8ff9                	and	a5,a5,a4
    11d6:	bfc5                	j	11c6 <USART_Cmd+0xa>

000011d8 <USART_ITConfig>:
    11d8:	0ff5f713          	andi	a4,a1,255
    11dc:	4785                	li	a5,1
    11de:	8315                	srli	a4,a4,0x5
    11e0:	00b795b3          	sll	a1,a5,a1
    11e4:	00f71963          	bne	a4,a5,11f6 <USART_ITConfig+0x1e>
    11e8:	00c50793          	addi	a5,a0,12
    11ec:	4398                	lw	a4,0(a5)
    11ee:	ce01                	beqz	a2,1206 <USART_ITConfig+0x2e>
    11f0:	8dd9                	or	a1,a1,a4
    11f2:	c38c                	sw	a1,0(a5)
    11f4:	8082                	ret
    11f6:	4689                	li	a3,2
    11f8:	01450793          	addi	a5,a0,20
    11fc:	fed718e3          	bne	a4,a3,11ec <USART_ITConfig+0x14>
    1200:	01050793          	addi	a5,a0,16
    1204:	b7e5                	j	11ec <USART_ITConfig+0x14>
    1206:	fff5c593          	not	a1,a1
    120a:	8df9                	and	a1,a1,a4
    120c:	b7dd                	j	11f2 <USART_ITConfig+0x1a>

0000120e <USART_SendData>:
    120e:	1ff5f593          	andi	a1,a1,511
    1212:	00b51223          	sh	a1,4(a0)
    1216:	8082                	ret

00001218 <USART_ReceiveData>:
    1218:	00455503          	lhu	a0,4(a0)
    121c:	1ff57513          	andi	a0,a0,511
    1220:	8082                	ret

00001222 <USART_GetFlagStatus>:
    1222:	00055503          	lhu	a0,0(a0)
    1226:	8d6d                	and	a0,a0,a1
    1228:	00a03533          	snez	a0,a0
    122c:	8082                	ret

0000122e <USART_GetITStatus>:
    122e:	0ff5f713          	andi	a4,a1,255
    1232:	4685                	li	a3,1
    1234:	8315                	srli	a4,a4,0x5
    1236:	00b697b3          	sll	a5,a3,a1
    123a:	02d71363          	bne	a4,a3,1260 <USART_GetITStatus+0x32>
    123e:	00c55703          	lhu	a4,12(a0)
    1242:	8ff9                	and	a5,a5,a4
    1244:	00055703          	lhu	a4,0(a0)
    1248:	4501                	li	a0,0
    124a:	0742                	slli	a4,a4,0x10
    124c:	8341                	srli	a4,a4,0x10
    124e:	cb81                	beqz	a5,125e <USART_GetITStatus+0x30>
    1250:	4505                	li	a0,1
    1252:	81a1                	srli	a1,a1,0x8
    1254:	00b515b3          	sll	a1,a0,a1
    1258:	8f6d                	and	a4,a4,a1
    125a:	00e03533          	snez	a0,a4
    125e:	8082                	ret
    1260:	4689                	li	a3,2
    1262:	00d71563          	bne	a4,a3,126c <USART_GetITStatus+0x3e>
    1266:	01055703          	lhu	a4,16(a0)
    126a:	bfe1                	j	1242 <USART_GetITStatus+0x14>
    126c:	01455703          	lhu	a4,20(a0)
    1270:	bfc9                	j	1242 <USART_GetITStatus+0x14>

00001272 <USART_ClearITPendingBit>:
    1272:	81a1                	srli	a1,a1,0x8
    1274:	4785                	li	a5,1
    1276:	00b797b3          	sll	a5,a5,a1
    127a:	fff7c793          	not	a5,a5
    127e:	07c2                	slli	a5,a5,0x10
    1280:	83c1                	srli	a5,a5,0x10
    1282:	00f51023          	sh	a5,0(a0)
    1286:	8082                	ret

00001288 <Delay_Init>:
    1288:	200007b7          	lui	a5,0x20000
    128c:	0807a783          	lw	a5,128(a5) # 20000080 <SystemCoreClock>
    1290:	007a1737          	lui	a4,0x7a1
    1294:	20070713          	addi	a4,a4,512 # 7a1200 <_data_lma+0x79f328>
    1298:	02e7d7b3          	divu	a5,a5,a4
    129c:	0ff7f793          	andi	a5,a5,255
    12a0:	82f18923          	sb	a5,-1998(gp) # 200000b2 <p_us>
    12a4:	3e800713          	li	a4,1000
    12a8:	02e787b3          	mul	a5,a5,a4
    12ac:	82f19823          	sh	a5,-2000(gp) # 200000b0 <p_ms>
    12b0:	8082                	ret

000012b2 <_write>:
    12b2:	ea5fe2ef          	jal	t0,156 <__riscv_save_4>
    12b6:	400144b7          	lui	s1,0x40014
    12ba:	89ae                	mv	s3,a1
    12bc:	8932                	mv	s2,a2
    12be:	4401                	li	s0,0
    12c0:	80048493          	addi	s1,s1,-2048 # 40013800 <_eusrstack+0x2000e800>
    12c4:	01244563          	blt	s0,s2,12ce <_write+0x1c>
    12c8:	854a                	mv	a0,s2
    12ca:	ec1fe06f          	j	18a <__riscv_restore_4>
    12ce:	04000593          	li	a1,64
    12d2:	8526                	mv	a0,s1
    12d4:	37b9                	jal	1222 <USART_GetFlagStatus>
    12d6:	dd65                	beqz	a0,12ce <_write+0x1c>
    12d8:	008987b3          	add	a5,s3,s0
    12dc:	00078583          	lb	a1,0(a5)
    12e0:	8526                	mv	a0,s1
    12e2:	0405                	addi	s0,s0,1
    12e4:	05c2                	slli	a1,a1,0x10
    12e6:	81c1                	srli	a1,a1,0x10
    12e8:	371d                	jal	120e <USART_SendData>
    12ea:	bfe9                	j	12c4 <_write+0x12>

000012ec <_sbrk>:
    12ec:	80818713          	addi	a4,gp,-2040 # 20000088 <curbrk.4187>
    12f0:	431c                	lw	a5,0(a4)
    12f2:	17018693          	addi	a3,gp,368 # 200009f0 <_ebss>
    12f6:	953e                	add	a0,a0,a5
    12f8:	00d56b63          	bltu	a0,a3,130e <_sbrk+0x22>
    12fc:	200056b7          	lui	a3,0x20005
    1300:	80068693          	addi	a3,a3,-2048 # 20004800 <_heap_end>
    1304:	00a6e563          	bltu	a3,a0,130e <_sbrk+0x22>
    1308:	c308                	sw	a0,0(a4)
    130a:	853e                	mv	a0,a5
    130c:	8082                	ret
    130e:	57fd                	li	a5,-1
    1310:	bfed                	j	130a <_sbrk+0x1e>

00001312 <_puts_r>:
    1312:	1101                	addi	sp,sp,-32
    1314:	ca26                	sw	s1,20(sp)
    1316:	c84a                	sw	s2,16(sp)
    1318:	ce06                	sw	ra,28(sp)
    131a:	cc22                	sw	s0,24(sp)
    131c:	c64e                	sw	s3,12(sp)
    131e:	c452                	sw	s4,8(sp)
    1320:	84aa                	mv	s1,a0
    1322:	892e                	mv	s2,a1
    1324:	c501                	beqz	a0,132c <_puts_r+0x1a>
    1326:	4d1c                	lw	a5,24(a0)
    1328:	e391                	bnez	a5,132c <_puts_r+0x1a>
    132a:	29cd                	jal	181c <__sinit>
    132c:	4c9c                	lw	a5,24(s1)
    132e:	4480                	lw	s0,8(s1)
    1330:	e399                	bnez	a5,1336 <_puts_r+0x24>
    1332:	8526                	mv	a0,s1
    1334:	21e5                	jal	181c <__sinit>
    1336:	00001797          	auipc	a5,0x1
    133a:	b6278793          	addi	a5,a5,-1182 # 1e98 <__sf_fake_stdin>
    133e:	02f41c63          	bne	s0,a5,1376 <_puts_r+0x64>
    1342:	40c0                	lw	s0,4(s1)
    1344:	00c45783          	lhu	a5,12(s0)
    1348:	8ba1                	andi	a5,a5,8
    134a:	c7b1                	beqz	a5,1396 <_puts_r+0x84>
    134c:	481c                	lw	a5,16(s0)
    134e:	c7a1                	beqz	a5,1396 <_puts_r+0x84>
    1350:	59fd                	li	s3,-1
    1352:	4a29                	li	s4,10
    1354:	441c                	lw	a5,8(s0)
    1356:	00094583          	lbu	a1,0(s2)
    135a:	17fd                	addi	a5,a5,-1
    135c:	e9b1                	bnez	a1,13b0 <_puts_r+0x9e>
    135e:	c41c                	sw	a5,8(s0)
    1360:	0607de63          	bgez	a5,13dc <_puts_r+0xca>
    1364:	8622                	mv	a2,s0
    1366:	45a9                	li	a1,10
    1368:	8526                	mv	a0,s1
    136a:	2071                	jal	13f6 <__swbuf_r>
    136c:	57fd                	li	a5,-1
    136e:	02f50863          	beq	a0,a5,139e <_puts_r+0x8c>
    1372:	4529                	li	a0,10
    1374:	a035                	j	13a0 <_puts_r+0x8e>
    1376:	00001797          	auipc	a5,0x1
    137a:	b4278793          	addi	a5,a5,-1214 # 1eb8 <__sf_fake_stdout>
    137e:	00f41463          	bne	s0,a5,1386 <_puts_r+0x74>
    1382:	4480                	lw	s0,8(s1)
    1384:	b7c1                	j	1344 <_puts_r+0x32>
    1386:	00001797          	auipc	a5,0x1
    138a:	af278793          	addi	a5,a5,-1294 # 1e78 <__sf_fake_stderr>
    138e:	faf41be3          	bne	s0,a5,1344 <_puts_r+0x32>
    1392:	44c0                	lw	s0,12(s1)
    1394:	bf45                	j	1344 <_puts_r+0x32>
    1396:	85a2                	mv	a1,s0
    1398:	8526                	mv	a0,s1
    139a:	2a31                	jal	14b6 <__swsetup_r>
    139c:	d955                	beqz	a0,1350 <_puts_r+0x3e>
    139e:	557d                	li	a0,-1
    13a0:	40f2                	lw	ra,28(sp)
    13a2:	4462                	lw	s0,24(sp)
    13a4:	44d2                	lw	s1,20(sp)
    13a6:	4942                	lw	s2,16(sp)
    13a8:	49b2                	lw	s3,12(sp)
    13aa:	4a22                	lw	s4,8(sp)
    13ac:	6105                	addi	sp,sp,32
    13ae:	8082                	ret
    13b0:	c41c                	sw	a5,8(s0)
    13b2:	0905                	addi	s2,s2,1
    13b4:	0007d763          	bgez	a5,13c2 <_puts_r+0xb0>
    13b8:	4c18                	lw	a4,24(s0)
    13ba:	00e7cb63          	blt	a5,a4,13d0 <_puts_r+0xbe>
    13be:	01458963          	beq	a1,s4,13d0 <_puts_r+0xbe>
    13c2:	401c                	lw	a5,0(s0)
    13c4:	00178713          	addi	a4,a5,1
    13c8:	c018                	sw	a4,0(s0)
    13ca:	00b78023          	sb	a1,0(a5)
    13ce:	b759                	j	1354 <_puts_r+0x42>
    13d0:	8622                	mv	a2,s0
    13d2:	8526                	mv	a0,s1
    13d4:	200d                	jal	13f6 <__swbuf_r>
    13d6:	f7351fe3          	bne	a0,s3,1354 <_puts_r+0x42>
    13da:	b7d1                	j	139e <_puts_r+0x8c>
    13dc:	401c                	lw	a5,0(s0)
    13de:	00178713          	addi	a4,a5,1
    13e2:	c018                	sw	a4,0(s0)
    13e4:	4729                	li	a4,10
    13e6:	00e78023          	sb	a4,0(a5)
    13ea:	b761                	j	1372 <_puts_r+0x60>

000013ec <puts>:
    13ec:	80c18793          	addi	a5,gp,-2036 # 2000008c <_impure_ptr>
    13f0:	85aa                	mv	a1,a0
    13f2:	4388                	lw	a0,0(a5)
    13f4:	bf39                	j	1312 <_puts_r>

000013f6 <__swbuf_r>:
    13f6:	1101                	addi	sp,sp,-32
    13f8:	cc22                	sw	s0,24(sp)
    13fa:	ca26                	sw	s1,20(sp)
    13fc:	c84a                	sw	s2,16(sp)
    13fe:	ce06                	sw	ra,28(sp)
    1400:	c64e                	sw	s3,12(sp)
    1402:	84aa                	mv	s1,a0
    1404:	892e                	mv	s2,a1
    1406:	8432                	mv	s0,a2
    1408:	c501                	beqz	a0,1410 <__swbuf_r+0x1a>
    140a:	4d1c                	lw	a5,24(a0)
    140c:	e391                	bnez	a5,1410 <__swbuf_r+0x1a>
    140e:	2139                	jal	181c <__sinit>
    1410:	00001797          	auipc	a5,0x1
    1414:	a8878793          	addi	a5,a5,-1400 # 1e98 <__sf_fake_stdin>
    1418:	06f41963          	bne	s0,a5,148a <__swbuf_r+0x94>
    141c:	40c0                	lw	s0,4(s1)
    141e:	4c1c                	lw	a5,24(s0)
    1420:	c41c                	sw	a5,8(s0)
    1422:	00c45783          	lhu	a5,12(s0)
    1426:	8ba1                	andi	a5,a5,8
    1428:	c3c9                	beqz	a5,14aa <__swbuf_r+0xb4>
    142a:	481c                	lw	a5,16(s0)
    142c:	cfbd                	beqz	a5,14aa <__swbuf_r+0xb4>
    142e:	481c                	lw	a5,16(s0)
    1430:	4008                	lw	a0,0(s0)
    1432:	0ff97993          	andi	s3,s2,255
    1436:	0ff97913          	andi	s2,s2,255
    143a:	8d1d                	sub	a0,a0,a5
    143c:	485c                	lw	a5,20(s0)
    143e:	00f54663          	blt	a0,a5,144a <__swbuf_r+0x54>
    1442:	85a2                	mv	a1,s0
    1444:	8526                	mv	a0,s1
    1446:	2c65                	jal	16fe <_fflush_r>
    1448:	e52d                	bnez	a0,14b2 <__swbuf_r+0xbc>
    144a:	441c                	lw	a5,8(s0)
    144c:	0505                	addi	a0,a0,1
    144e:	17fd                	addi	a5,a5,-1
    1450:	c41c                	sw	a5,8(s0)
    1452:	401c                	lw	a5,0(s0)
    1454:	00178713          	addi	a4,a5,1
    1458:	c018                	sw	a4,0(s0)
    145a:	01378023          	sb	s3,0(a5)
    145e:	485c                	lw	a5,20(s0)
    1460:	00a78963          	beq	a5,a0,1472 <__swbuf_r+0x7c>
    1464:	00c45783          	lhu	a5,12(s0)
    1468:	8b85                	andi	a5,a5,1
    146a:	cb81                	beqz	a5,147a <__swbuf_r+0x84>
    146c:	47a9                	li	a5,10
    146e:	00f91663          	bne	s2,a5,147a <__swbuf_r+0x84>
    1472:	85a2                	mv	a1,s0
    1474:	8526                	mv	a0,s1
    1476:	2461                	jal	16fe <_fflush_r>
    1478:	ed0d                	bnez	a0,14b2 <__swbuf_r+0xbc>
    147a:	40f2                	lw	ra,28(sp)
    147c:	4462                	lw	s0,24(sp)
    147e:	854a                	mv	a0,s2
    1480:	44d2                	lw	s1,20(sp)
    1482:	4942                	lw	s2,16(sp)
    1484:	49b2                	lw	s3,12(sp)
    1486:	6105                	addi	sp,sp,32
    1488:	8082                	ret
    148a:	00001797          	auipc	a5,0x1
    148e:	a2e78793          	addi	a5,a5,-1490 # 1eb8 <__sf_fake_stdout>
    1492:	00f41463          	bne	s0,a5,149a <__swbuf_r+0xa4>
    1496:	4480                	lw	s0,8(s1)
    1498:	b759                	j	141e <__swbuf_r+0x28>
    149a:	00001797          	auipc	a5,0x1
    149e:	9de78793          	addi	a5,a5,-1570 # 1e78 <__sf_fake_stderr>
    14a2:	f6f41ee3          	bne	s0,a5,141e <__swbuf_r+0x28>
    14a6:	44c0                	lw	s0,12(s1)
    14a8:	bf9d                	j	141e <__swbuf_r+0x28>
    14aa:	85a2                	mv	a1,s0
    14ac:	8526                	mv	a0,s1
    14ae:	2021                	jal	14b6 <__swsetup_r>
    14b0:	dd3d                	beqz	a0,142e <__swbuf_r+0x38>
    14b2:	597d                	li	s2,-1
    14b4:	b7d9                	j	147a <__swbuf_r+0x84>

000014b6 <__swsetup_r>:
    14b6:	1141                	addi	sp,sp,-16
    14b8:	80c18793          	addi	a5,gp,-2036 # 2000008c <_impure_ptr>
    14bc:	c226                	sw	s1,4(sp)
    14be:	4384                	lw	s1,0(a5)
    14c0:	c422                	sw	s0,8(sp)
    14c2:	c04a                	sw	s2,0(sp)
    14c4:	c606                	sw	ra,12(sp)
    14c6:	892a                	mv	s2,a0
    14c8:	842e                	mv	s0,a1
    14ca:	c489                	beqz	s1,14d4 <__swsetup_r+0x1e>
    14cc:	4c9c                	lw	a5,24(s1)
    14ce:	e399                	bnez	a5,14d4 <__swsetup_r+0x1e>
    14d0:	8526                	mv	a0,s1
    14d2:	26a9                	jal	181c <__sinit>
    14d4:	00001797          	auipc	a5,0x1
    14d8:	9c478793          	addi	a5,a5,-1596 # 1e98 <__sf_fake_stdin>
    14dc:	02f41c63          	bne	s0,a5,1514 <__swsetup_r+0x5e>
    14e0:	40c0                	lw	s0,4(s1)
    14e2:	00c41703          	lh	a4,12(s0)
    14e6:	01071793          	slli	a5,a4,0x10
    14ea:	83c1                	srli	a5,a5,0x10
    14ec:	0087f693          	andi	a3,a5,8
    14f0:	eeb5                	bnez	a3,156c <__swsetup_r+0xb6>
    14f2:	0107f693          	andi	a3,a5,16
    14f6:	ee9d                	bnez	a3,1534 <__swsetup_r+0x7e>
    14f8:	47a5                	li	a5,9
    14fa:	00f92023          	sw	a5,0(s2)
    14fe:	04076713          	ori	a4,a4,64
    1502:	00e41623          	sh	a4,12(s0)
    1506:	557d                	li	a0,-1
    1508:	40b2                	lw	ra,12(sp)
    150a:	4422                	lw	s0,8(sp)
    150c:	4492                	lw	s1,4(sp)
    150e:	4902                	lw	s2,0(sp)
    1510:	0141                	addi	sp,sp,16
    1512:	8082                	ret
    1514:	00001797          	auipc	a5,0x1
    1518:	9a478793          	addi	a5,a5,-1628 # 1eb8 <__sf_fake_stdout>
    151c:	00f41463          	bne	s0,a5,1524 <__swsetup_r+0x6e>
    1520:	4480                	lw	s0,8(s1)
    1522:	b7c1                	j	14e2 <__swsetup_r+0x2c>
    1524:	00001797          	auipc	a5,0x1
    1528:	95478793          	addi	a5,a5,-1708 # 1e78 <__sf_fake_stderr>
    152c:	faf41be3          	bne	s0,a5,14e2 <__swsetup_r+0x2c>
    1530:	44c0                	lw	s0,12(s1)
    1532:	bf45                	j	14e2 <__swsetup_r+0x2c>
    1534:	8b91                	andi	a5,a5,4
    1536:	c78d                	beqz	a5,1560 <__swsetup_r+0xaa>
    1538:	584c                	lw	a1,52(s0)
    153a:	c989                	beqz	a1,154c <__swsetup_r+0x96>
    153c:	04440793          	addi	a5,s0,68
    1540:	00f58463          	beq	a1,a5,1548 <__swsetup_r+0x92>
    1544:	854a                	mv	a0,s2
    1546:	2b25                	jal	1a7e <_free_r>
    1548:	02042a23          	sw	zero,52(s0)
    154c:	00c45783          	lhu	a5,12(s0)
    1550:	00042223          	sw	zero,4(s0)
    1554:	fdb7f793          	andi	a5,a5,-37
    1558:	00f41623          	sh	a5,12(s0)
    155c:	481c                	lw	a5,16(s0)
    155e:	c01c                	sw	a5,0(s0)
    1560:	00c45783          	lhu	a5,12(s0)
    1564:	0087e793          	ori	a5,a5,8
    1568:	00f41623          	sh	a5,12(s0)
    156c:	481c                	lw	a5,16(s0)
    156e:	ef81                	bnez	a5,1586 <__swsetup_r+0xd0>
    1570:	00c45783          	lhu	a5,12(s0)
    1574:	20000713          	li	a4,512
    1578:	2807f793          	andi	a5,a5,640
    157c:	00e78563          	beq	a5,a4,1586 <__swsetup_r+0xd0>
    1580:	85a2                	mv	a1,s0
    1582:	854a                	mv	a0,s2
    1584:	29b9                	jal	19e2 <__smakebuf_r>
    1586:	00c45783          	lhu	a5,12(s0)
    158a:	0017f713          	andi	a4,a5,1
    158e:	c705                	beqz	a4,15b6 <__swsetup_r+0x100>
    1590:	485c                	lw	a5,20(s0)
    1592:	00042423          	sw	zero,8(s0)
    1596:	40f007b3          	neg	a5,a5
    159a:	cc1c                	sw	a5,24(s0)
    159c:	481c                	lw	a5,16(s0)
    159e:	4501                	li	a0,0
    15a0:	f7a5                	bnez	a5,1508 <__swsetup_r+0x52>
    15a2:	00c41783          	lh	a5,12(s0)
    15a6:	0807f713          	andi	a4,a5,128
    15aa:	df39                	beqz	a4,1508 <__swsetup_r+0x52>
    15ac:	0407e793          	ori	a5,a5,64
    15b0:	00f41623          	sh	a5,12(s0)
    15b4:	bf89                	j	1506 <__swsetup_r+0x50>
    15b6:	8b89                	andi	a5,a5,2
    15b8:	4701                	li	a4,0
    15ba:	e391                	bnez	a5,15be <__swsetup_r+0x108>
    15bc:	4858                	lw	a4,20(s0)
    15be:	c418                	sw	a4,8(s0)
    15c0:	bff1                	j	159c <__swsetup_r+0xe6>

000015c2 <__sflush_r>:
    15c2:	00c5d783          	lhu	a5,12(a1)
    15c6:	1101                	addi	sp,sp,-32
    15c8:	cc22                	sw	s0,24(sp)
    15ca:	ca26                	sw	s1,20(sp)
    15cc:	ce06                	sw	ra,28(sp)
    15ce:	c84a                	sw	s2,16(sp)
    15d0:	c64e                	sw	s3,12(sp)
    15d2:	0087f713          	andi	a4,a5,8
    15d6:	84aa                	mv	s1,a0
    15d8:	842e                	mv	s0,a1
    15da:	ef71                	bnez	a4,16b6 <__sflush_r+0xf4>
    15dc:	41d8                	lw	a4,4(a1)
    15de:	00e04d63          	bgtz	a4,15f8 <__sflush_r+0x36>
    15e2:	41b8                	lw	a4,64(a1)
    15e4:	00e04a63          	bgtz	a4,15f8 <__sflush_r+0x36>
    15e8:	4501                	li	a0,0
    15ea:	40f2                	lw	ra,28(sp)
    15ec:	4462                	lw	s0,24(sp)
    15ee:	44d2                	lw	s1,20(sp)
    15f0:	4942                	lw	s2,16(sp)
    15f2:	49b2                	lw	s3,12(sp)
    15f4:	6105                	addi	sp,sp,32
    15f6:	8082                	ret
    15f8:	5458                	lw	a4,44(s0)
    15fa:	d77d                	beqz	a4,15e8 <__sflush_r+0x26>
    15fc:	0004a903          	lw	s2,0(s1)
    1600:	01379693          	slli	a3,a5,0x13
    1604:	0004a023          	sw	zero,0(s1)
    1608:	0606dd63          	bgez	a3,1682 <__sflush_r+0xc0>
    160c:	4870                	lw	a2,84(s0)
    160e:	00c45783          	lhu	a5,12(s0)
    1612:	8b91                	andi	a5,a5,4
    1614:	c799                	beqz	a5,1622 <__sflush_r+0x60>
    1616:	405c                	lw	a5,4(s0)
    1618:	8e1d                	sub	a2,a2,a5
    161a:	585c                	lw	a5,52(s0)
    161c:	c399                	beqz	a5,1622 <__sflush_r+0x60>
    161e:	403c                	lw	a5,64(s0)
    1620:	8e1d                	sub	a2,a2,a5
    1622:	545c                	lw	a5,44(s0)
    1624:	500c                	lw	a1,32(s0)
    1626:	4681                	li	a3,0
    1628:	8526                	mv	a0,s1
    162a:	9782                	jalr	a5
    162c:	57fd                	li	a5,-1
    162e:	00c45703          	lhu	a4,12(s0)
    1632:	00f51d63          	bne	a0,a5,164c <__sflush_r+0x8a>
    1636:	4094                	lw	a3,0(s1)
    1638:	47f5                	li	a5,29
    163a:	06d7e863          	bltu	a5,a3,16aa <__sflush_r+0xe8>
    163e:	204007b7          	lui	a5,0x20400
    1642:	0785                	addi	a5,a5,1
    1644:	00d7d7b3          	srl	a5,a5,a3
    1648:	8b85                	andi	a5,a5,1
    164a:	c3a5                	beqz	a5,16aa <__sflush_r+0xe8>
    164c:	481c                	lw	a5,16(s0)
    164e:	00042223          	sw	zero,4(s0)
    1652:	c01c                	sw	a5,0(s0)
    1654:	01371793          	slli	a5,a4,0x13
    1658:	0007d863          	bgez	a5,1668 <__sflush_r+0xa6>
    165c:	57fd                	li	a5,-1
    165e:	00f51463          	bne	a0,a5,1666 <__sflush_r+0xa4>
    1662:	409c                	lw	a5,0(s1)
    1664:	e391                	bnez	a5,1668 <__sflush_r+0xa6>
    1666:	c868                	sw	a0,84(s0)
    1668:	584c                	lw	a1,52(s0)
    166a:	0124a023          	sw	s2,0(s1)
    166e:	ddad                	beqz	a1,15e8 <__sflush_r+0x26>
    1670:	04440793          	addi	a5,s0,68
    1674:	00f58463          	beq	a1,a5,167c <__sflush_r+0xba>
    1678:	8526                	mv	a0,s1
    167a:	2111                	jal	1a7e <_free_r>
    167c:	02042a23          	sw	zero,52(s0)
    1680:	b7a5                	j	15e8 <__sflush_r+0x26>
    1682:	500c                	lw	a1,32(s0)
    1684:	4601                	li	a2,0
    1686:	4685                	li	a3,1
    1688:	8526                	mv	a0,s1
    168a:	9702                	jalr	a4
    168c:	57fd                	li	a5,-1
    168e:	862a                	mv	a2,a0
    1690:	f6f51fe3          	bne	a0,a5,160e <__sflush_r+0x4c>
    1694:	409c                	lw	a5,0(s1)
    1696:	dfa5                	beqz	a5,160e <__sflush_r+0x4c>
    1698:	4775                	li	a4,29
    169a:	00e78563          	beq	a5,a4,16a4 <__sflush_r+0xe2>
    169e:	4759                	li	a4,22
    16a0:	04e79463          	bne	a5,a4,16e8 <__sflush_r+0x126>
    16a4:	0124a023          	sw	s2,0(s1)
    16a8:	b781                	j	15e8 <__sflush_r+0x26>
    16aa:	04076713          	ori	a4,a4,64
    16ae:	00e41623          	sh	a4,12(s0)
    16b2:	557d                	li	a0,-1
    16b4:	bf1d                	j	15ea <__sflush_r+0x28>
    16b6:	0105a983          	lw	s3,16(a1)
    16ba:	f20987e3          	beqz	s3,15e8 <__sflush_r+0x26>
    16be:	0005a903          	lw	s2,0(a1)
    16c2:	8b8d                	andi	a5,a5,3
    16c4:	0135a023          	sw	s3,0(a1)
    16c8:	41390933          	sub	s2,s2,s3
    16cc:	4701                	li	a4,0
    16ce:	e391                	bnez	a5,16d2 <__sflush_r+0x110>
    16d0:	49d8                	lw	a4,20(a1)
    16d2:	c418                	sw	a4,8(s0)
    16d4:	f1205ae3          	blez	s2,15e8 <__sflush_r+0x26>
    16d8:	541c                	lw	a5,40(s0)
    16da:	500c                	lw	a1,32(s0)
    16dc:	86ca                	mv	a3,s2
    16de:	864e                	mv	a2,s3
    16e0:	8526                	mv	a0,s1
    16e2:	9782                	jalr	a5
    16e4:	00a04963          	bgtz	a0,16f6 <__sflush_r+0x134>
    16e8:	00c45783          	lhu	a5,12(s0)
    16ec:	0407e793          	ori	a5,a5,64
    16f0:	00f41623          	sh	a5,12(s0)
    16f4:	bf7d                	j	16b2 <__sflush_r+0xf0>
    16f6:	99aa                	add	s3,s3,a0
    16f8:	40a90933          	sub	s2,s2,a0
    16fc:	bfe1                	j	16d4 <__sflush_r+0x112>

000016fe <_fflush_r>:
    16fe:	499c                	lw	a5,16(a1)
    1700:	cfb9                	beqz	a5,175e <_fflush_r+0x60>
    1702:	1101                	addi	sp,sp,-32
    1704:	cc22                	sw	s0,24(sp)
    1706:	ce06                	sw	ra,28(sp)
    1708:	842a                	mv	s0,a0
    170a:	c511                	beqz	a0,1716 <_fflush_r+0x18>
    170c:	4d1c                	lw	a5,24(a0)
    170e:	e781                	bnez	a5,1716 <_fflush_r+0x18>
    1710:	c62e                	sw	a1,12(sp)
    1712:	2229                	jal	181c <__sinit>
    1714:	45b2                	lw	a1,12(sp)
    1716:	00000797          	auipc	a5,0x0
    171a:	78278793          	addi	a5,a5,1922 # 1e98 <__sf_fake_stdin>
    171e:	00f59b63          	bne	a1,a5,1734 <_fflush_r+0x36>
    1722:	404c                	lw	a1,4(s0)
    1724:	00c59783          	lh	a5,12(a1)
    1728:	c795                	beqz	a5,1754 <_fflush_r+0x56>
    172a:	8522                	mv	a0,s0
    172c:	4462                	lw	s0,24(sp)
    172e:	40f2                	lw	ra,28(sp)
    1730:	6105                	addi	sp,sp,32
    1732:	bd41                	j	15c2 <__sflush_r>
    1734:	00000797          	auipc	a5,0x0
    1738:	78478793          	addi	a5,a5,1924 # 1eb8 <__sf_fake_stdout>
    173c:	00f59463          	bne	a1,a5,1744 <_fflush_r+0x46>
    1740:	440c                	lw	a1,8(s0)
    1742:	b7cd                	j	1724 <_fflush_r+0x26>
    1744:	00000797          	auipc	a5,0x0
    1748:	73478793          	addi	a5,a5,1844 # 1e78 <__sf_fake_stderr>
    174c:	fcf59ce3          	bne	a1,a5,1724 <_fflush_r+0x26>
    1750:	444c                	lw	a1,12(s0)
    1752:	bfc9                	j	1724 <_fflush_r+0x26>
    1754:	40f2                	lw	ra,28(sp)
    1756:	4462                	lw	s0,24(sp)
    1758:	4501                	li	a0,0
    175a:	6105                	addi	sp,sp,32
    175c:	8082                	ret
    175e:	4501                	li	a0,0
    1760:	8082                	ret

00001762 <std>:
    1762:	1141                	addi	sp,sp,-16
    1764:	c422                	sw	s0,8(sp)
    1766:	c606                	sw	ra,12(sp)
    1768:	842a                	mv	s0,a0
    176a:	00b51623          	sh	a1,12(a0)
    176e:	00c51723          	sh	a2,14(a0)
    1772:	00052023          	sw	zero,0(a0)
    1776:	00052223          	sw	zero,4(a0)
    177a:	00052423          	sw	zero,8(a0)
    177e:	06052223          	sw	zero,100(a0)
    1782:	00052823          	sw	zero,16(a0)
    1786:	00052a23          	sw	zero,20(a0)
    178a:	00052c23          	sw	zero,24(a0)
    178e:	4621                	li	a2,8
    1790:	4581                	li	a1,0
    1792:	05c50513          	addi	a0,a0,92
    1796:	a0bfe0ef          	jal	ra,1a0 <memset>
    179a:	00000797          	auipc	a5,0x0
    179e:	48078793          	addi	a5,a5,1152 # 1c1a <__sread>
    17a2:	d05c                	sw	a5,36(s0)
    17a4:	00000797          	auipc	a5,0x0
    17a8:	4a678793          	addi	a5,a5,1190 # 1c4a <__swrite>
    17ac:	d41c                	sw	a5,40(s0)
    17ae:	00000797          	auipc	a5,0x0
    17b2:	4ea78793          	addi	a5,a5,1258 # 1c98 <__sseek>
    17b6:	d45c                	sw	a5,44(s0)
    17b8:	00000797          	auipc	a5,0x0
    17bc:	51678793          	addi	a5,a5,1302 # 1cce <__sclose>
    17c0:	d000                	sw	s0,32(s0)
    17c2:	d81c                	sw	a5,48(s0)
    17c4:	40b2                	lw	ra,12(sp)
    17c6:	4422                	lw	s0,8(sp)
    17c8:	0141                	addi	sp,sp,16
    17ca:	8082                	ret

000017cc <_cleanup_r>:
    17cc:	00000597          	auipc	a1,0x0
    17d0:	f3258593          	addi	a1,a1,-206 # 16fe <_fflush_r>
    17d4:	a2a9                	j	191e <_fwalk_reent>

000017d6 <__sfmoreglue>:
    17d6:	1141                	addi	sp,sp,-16
    17d8:	c226                	sw	s1,4(sp)
    17da:	06800613          	li	a2,104
    17de:	fff58493          	addi	s1,a1,-1
    17e2:	02c484b3          	mul	s1,s1,a2
    17e6:	c04a                	sw	s2,0(sp)
    17e8:	892e                	mv	s2,a1
    17ea:	c422                	sw	s0,8(sp)
    17ec:	c606                	sw	ra,12(sp)
    17ee:	07448593          	addi	a1,s1,116
    17f2:	2e05                	jal	1b22 <_malloc_r>
    17f4:	842a                	mv	s0,a0
    17f6:	cd01                	beqz	a0,180e <__sfmoreglue+0x38>
    17f8:	00052023          	sw	zero,0(a0)
    17fc:	01252223          	sw	s2,4(a0)
    1800:	0531                	addi	a0,a0,12
    1802:	c408                	sw	a0,8(s0)
    1804:	06848613          	addi	a2,s1,104
    1808:	4581                	li	a1,0
    180a:	997fe0ef          	jal	ra,1a0 <memset>
    180e:	8522                	mv	a0,s0
    1810:	40b2                	lw	ra,12(sp)
    1812:	4422                	lw	s0,8(sp)
    1814:	4492                	lw	s1,4(sp)
    1816:	4902                	lw	s2,0(sp)
    1818:	0141                	addi	sp,sp,16
    181a:	8082                	ret

0000181c <__sinit>:
    181c:	4d1c                	lw	a5,24(a0)
    181e:	e3ad                	bnez	a5,1880 <__sinit+0x64>
    1820:	1141                	addi	sp,sp,-16
    1822:	c606                	sw	ra,12(sp)
    1824:	c422                	sw	s0,8(sp)
    1826:	00000797          	auipc	a5,0x0
    182a:	fa678793          	addi	a5,a5,-90 # 17cc <_cleanup_r>
    182e:	d51c                	sw	a5,40(a0)
    1830:	81018793          	addi	a5,gp,-2032 # 20000090 <_global_impure_ptr>
    1834:	439c                	lw	a5,0(a5)
    1836:	04052423          	sw	zero,72(a0)
    183a:	04052623          	sw	zero,76(a0)
    183e:	04052823          	sw	zero,80(a0)
    1842:	00f51463          	bne	a0,a5,184a <__sinit+0x2e>
    1846:	4785                	li	a5,1
    1848:	cd1c                	sw	a5,24(a0)
    184a:	842a                	mv	s0,a0
    184c:	281d                	jal	1882 <__sfp>
    184e:	c048                	sw	a0,4(s0)
    1850:	8522                	mv	a0,s0
    1852:	2805                	jal	1882 <__sfp>
    1854:	c408                	sw	a0,8(s0)
    1856:	8522                	mv	a0,s0
    1858:	202d                	jal	1882 <__sfp>
    185a:	c448                	sw	a0,12(s0)
    185c:	4048                	lw	a0,4(s0)
    185e:	4601                	li	a2,0
    1860:	4591                	li	a1,4
    1862:	3701                	jal	1762 <std>
    1864:	4408                	lw	a0,8(s0)
    1866:	4605                	li	a2,1
    1868:	45a5                	li	a1,9
    186a:	3de5                	jal	1762 <std>
    186c:	4448                	lw	a0,12(s0)
    186e:	4609                	li	a2,2
    1870:	45c9                	li	a1,18
    1872:	3dc5                	jal	1762 <std>
    1874:	4785                	li	a5,1
    1876:	cc1c                	sw	a5,24(s0)
    1878:	40b2                	lw	ra,12(sp)
    187a:	4422                	lw	s0,8(sp)
    187c:	0141                	addi	sp,sp,16
    187e:	8082                	ret
    1880:	8082                	ret

00001882 <__sfp>:
    1882:	1141                	addi	sp,sp,-16
    1884:	81018793          	addi	a5,gp,-2032 # 20000090 <_global_impure_ptr>
    1888:	c226                	sw	s1,4(sp)
    188a:	4384                	lw	s1,0(a5)
    188c:	c04a                	sw	s2,0(sp)
    188e:	c606                	sw	ra,12(sp)
    1890:	4c9c                	lw	a5,24(s1)
    1892:	c422                	sw	s0,8(sp)
    1894:	892a                	mv	s2,a0
    1896:	e399                	bnez	a5,189c <__sfp+0x1a>
    1898:	8526                	mv	a0,s1
    189a:	3749                	jal	181c <__sinit>
    189c:	04848493          	addi	s1,s1,72
    18a0:	4480                	lw	s0,8(s1)
    18a2:	40dc                	lw	a5,4(s1)
    18a4:	17fd                	addi	a5,a5,-1
    18a6:	0007d663          	bgez	a5,18b2 <__sfp+0x30>
    18aa:	409c                	lw	a5,0(s1)
    18ac:	cfb9                	beqz	a5,190a <__sfp+0x88>
    18ae:	4084                	lw	s1,0(s1)
    18b0:	bfc5                	j	18a0 <__sfp+0x1e>
    18b2:	00c41703          	lh	a4,12(s0)
    18b6:	e739                	bnez	a4,1904 <__sfp+0x82>
    18b8:	77c1                	lui	a5,0xffff0
    18ba:	0785                	addi	a5,a5,1
    18bc:	06042223          	sw	zero,100(s0)
    18c0:	00042023          	sw	zero,0(s0)
    18c4:	00042223          	sw	zero,4(s0)
    18c8:	00042423          	sw	zero,8(s0)
    18cc:	c45c                	sw	a5,12(s0)
    18ce:	00042823          	sw	zero,16(s0)
    18d2:	00042a23          	sw	zero,20(s0)
    18d6:	00042c23          	sw	zero,24(s0)
    18da:	4621                	li	a2,8
    18dc:	4581                	li	a1,0
    18de:	05c40513          	addi	a0,s0,92
    18e2:	8bffe0ef          	jal	ra,1a0 <memset>
    18e6:	02042a23          	sw	zero,52(s0)
    18ea:	02042c23          	sw	zero,56(s0)
    18ee:	04042423          	sw	zero,72(s0)
    18f2:	04042623          	sw	zero,76(s0)
    18f6:	8522                	mv	a0,s0
    18f8:	40b2                	lw	ra,12(sp)
    18fa:	4422                	lw	s0,8(sp)
    18fc:	4492                	lw	s1,4(sp)
    18fe:	4902                	lw	s2,0(sp)
    1900:	0141                	addi	sp,sp,16
    1902:	8082                	ret
    1904:	06840413          	addi	s0,s0,104
    1908:	bf71                	j	18a4 <__sfp+0x22>
    190a:	4591                	li	a1,4
    190c:	854a                	mv	a0,s2
    190e:	35e1                	jal	17d6 <__sfmoreglue>
    1910:	c088                	sw	a0,0(s1)
    1912:	fd51                	bnez	a0,18ae <__sfp+0x2c>
    1914:	47b1                	li	a5,12
    1916:	00f92023          	sw	a5,0(s2)
    191a:	4401                	li	s0,0
    191c:	bfe9                	j	18f6 <__sfp+0x74>

0000191e <_fwalk_reent>:
    191e:	7179                	addi	sp,sp,-48
    1920:	d422                	sw	s0,40(sp)
    1922:	d04a                	sw	s2,32(sp)
    1924:	cc52                	sw	s4,24(sp)
    1926:	ca56                	sw	s5,20(sp)
    1928:	c85a                	sw	s6,16(sp)
    192a:	c65e                	sw	s7,12(sp)
    192c:	d606                	sw	ra,44(sp)
    192e:	d226                	sw	s1,36(sp)
    1930:	ce4e                	sw	s3,28(sp)
    1932:	8a2a                	mv	s4,a0
    1934:	8aae                	mv	s5,a1
    1936:	04850413          	addi	s0,a0,72
    193a:	4901                	li	s2,0
    193c:	4b05                	li	s6,1
    193e:	5bfd                	li	s7,-1
    1940:	ec09                	bnez	s0,195a <_fwalk_reent+0x3c>
    1942:	50b2                	lw	ra,44(sp)
    1944:	5422                	lw	s0,40(sp)
    1946:	854a                	mv	a0,s2
    1948:	5492                	lw	s1,36(sp)
    194a:	5902                	lw	s2,32(sp)
    194c:	49f2                	lw	s3,28(sp)
    194e:	4a62                	lw	s4,24(sp)
    1950:	4ad2                	lw	s5,20(sp)
    1952:	4b42                	lw	s6,16(sp)
    1954:	4bb2                	lw	s7,12(sp)
    1956:	6145                	addi	sp,sp,48
    1958:	8082                	ret
    195a:	4404                	lw	s1,8(s0)
    195c:	00442983          	lw	s3,4(s0)
    1960:	19fd                	addi	s3,s3,-1
    1962:	0009d463          	bgez	s3,196a <_fwalk_reent+0x4c>
    1966:	4000                	lw	s0,0(s0)
    1968:	bfe1                	j	1940 <_fwalk_reent+0x22>
    196a:	00c4d783          	lhu	a5,12(s1)
    196e:	00fb7b63          	bgeu	s6,a5,1984 <_fwalk_reent+0x66>
    1972:	00e49783          	lh	a5,14(s1)
    1976:	01778763          	beq	a5,s7,1984 <_fwalk_reent+0x66>
    197a:	85a6                	mv	a1,s1
    197c:	8552                	mv	a0,s4
    197e:	9a82                	jalr	s5
    1980:	00a96933          	or	s2,s2,a0
    1984:	06848493          	addi	s1,s1,104
    1988:	bfe1                	j	1960 <_fwalk_reent+0x42>

0000198a <__swhatbuf_r>:
    198a:	7119                	addi	sp,sp,-128
    198c:	daa6                	sw	s1,116(sp)
    198e:	84ae                	mv	s1,a1
    1990:	00e59583          	lh	a1,14(a1)
    1994:	dca2                	sw	s0,120(sp)
    1996:	de86                	sw	ra,124(sp)
    1998:	8432                	mv	s0,a2
    199a:	0005dc63          	bgez	a1,19b2 <__swhatbuf_r+0x28>
    199e:	00c4d783          	lhu	a5,12(s1)
    19a2:	0006a023          	sw	zero,0(a3)
    19a6:	0807f793          	andi	a5,a5,128
    19aa:	e39d                	bnez	a5,19d0 <__swhatbuf_r+0x46>
    19ac:	40000793          	li	a5,1024
    19b0:	a015                	j	19d4 <__swhatbuf_r+0x4a>
    19b2:	0830                	addi	a2,sp,24
    19b4:	c636                	sw	a3,12(sp)
    19b6:	2e95                	jal	1d2a <_fstat_r>
    19b8:	46b2                	lw	a3,12(sp)
    19ba:	fe0542e3          	bltz	a0,199e <__swhatbuf_r+0x14>
    19be:	4772                	lw	a4,28(sp)
    19c0:	67bd                	lui	a5,0xf
    19c2:	8ff9                	and	a5,a5,a4
    19c4:	7779                	lui	a4,0xffffe
    19c6:	97ba                	add	a5,a5,a4
    19c8:	0017b793          	seqz	a5,a5
    19cc:	c29c                	sw	a5,0(a3)
    19ce:	bff9                	j	19ac <__swhatbuf_r+0x22>
    19d0:	04000793          	li	a5,64
    19d4:	c01c                	sw	a5,0(s0)
    19d6:	50f6                	lw	ra,124(sp)
    19d8:	5466                	lw	s0,120(sp)
    19da:	54d6                	lw	s1,116(sp)
    19dc:	4501                	li	a0,0
    19de:	6109                	addi	sp,sp,128
    19e0:	8082                	ret

000019e2 <__smakebuf_r>:
    19e2:	00c5d783          	lhu	a5,12(a1)
    19e6:	1101                	addi	sp,sp,-32
    19e8:	cc22                	sw	s0,24(sp)
    19ea:	ce06                	sw	ra,28(sp)
    19ec:	ca26                	sw	s1,20(sp)
    19ee:	c84a                	sw	s2,16(sp)
    19f0:	8b89                	andi	a5,a5,2
    19f2:	842e                	mv	s0,a1
    19f4:	cf89                	beqz	a5,1a0e <__smakebuf_r+0x2c>
    19f6:	04740793          	addi	a5,s0,71
    19fa:	c01c                	sw	a5,0(s0)
    19fc:	c81c                	sw	a5,16(s0)
    19fe:	4785                	li	a5,1
    1a00:	c85c                	sw	a5,20(s0)
    1a02:	40f2                	lw	ra,28(sp)
    1a04:	4462                	lw	s0,24(sp)
    1a06:	44d2                	lw	s1,20(sp)
    1a08:	4942                	lw	s2,16(sp)
    1a0a:	6105                	addi	sp,sp,32
    1a0c:	8082                	ret
    1a0e:	0074                	addi	a3,sp,12
    1a10:	0030                	addi	a2,sp,8
    1a12:	84aa                	mv	s1,a0
    1a14:	3f9d                	jal	198a <__swhatbuf_r>
    1a16:	45a2                	lw	a1,8(sp)
    1a18:	892a                	mv	s2,a0
    1a1a:	8526                	mv	a0,s1
    1a1c:	2219                	jal	1b22 <_malloc_r>
    1a1e:	ed01                	bnez	a0,1a36 <__smakebuf_r+0x54>
    1a20:	00c41783          	lh	a5,12(s0)
    1a24:	2007f713          	andi	a4,a5,512
    1a28:	ff69                	bnez	a4,1a02 <__smakebuf_r+0x20>
    1a2a:	9bf1                	andi	a5,a5,-4
    1a2c:	0027e793          	ori	a5,a5,2
    1a30:	00f41623          	sh	a5,12(s0)
    1a34:	b7c9                	j	19f6 <__smakebuf_r+0x14>
    1a36:	00000797          	auipc	a5,0x0
    1a3a:	d9678793          	addi	a5,a5,-618 # 17cc <_cleanup_r>
    1a3e:	d49c                	sw	a5,40(s1)
    1a40:	00c45783          	lhu	a5,12(s0)
    1a44:	c008                	sw	a0,0(s0)
    1a46:	c808                	sw	a0,16(s0)
    1a48:	0807e793          	ori	a5,a5,128
    1a4c:	00f41623          	sh	a5,12(s0)
    1a50:	47a2                	lw	a5,8(sp)
    1a52:	c85c                	sw	a5,20(s0)
    1a54:	47b2                	lw	a5,12(sp)
    1a56:	cf89                	beqz	a5,1a70 <__smakebuf_r+0x8e>
    1a58:	00e41583          	lh	a1,14(s0)
    1a5c:	8526                	mv	a0,s1
    1a5e:	2cdd                	jal	1d54 <_isatty_r>
    1a60:	c901                	beqz	a0,1a70 <__smakebuf_r+0x8e>
    1a62:	00c45783          	lhu	a5,12(s0)
    1a66:	9bf1                	andi	a5,a5,-4
    1a68:	0017e793          	ori	a5,a5,1
    1a6c:	00f41623          	sh	a5,12(s0)
    1a70:	00c45783          	lhu	a5,12(s0)
    1a74:	00f96933          	or	s2,s2,a5
    1a78:	01241623          	sh	s2,12(s0)
    1a7c:	b759                	j	1a02 <__smakebuf_r+0x20>

00001a7e <_free_r>:
    1a7e:	c1cd                	beqz	a1,1b20 <_free_r+0xa2>
    1a80:	ffc5a783          	lw	a5,-4(a1)
    1a84:	1141                	addi	sp,sp,-16
    1a86:	c422                	sw	s0,8(sp)
    1a88:	c606                	sw	ra,12(sp)
    1a8a:	c226                	sw	s1,4(sp)
    1a8c:	ffc58413          	addi	s0,a1,-4
    1a90:	0007d363          	bgez	a5,1a96 <_free_r+0x18>
    1a94:	943e                	add	s0,s0,a5
    1a96:	84aa                	mv	s1,a0
    1a98:	2e01                	jal	1da8 <__malloc_lock>
    1a9a:	83418793          	addi	a5,gp,-1996 # 200000b4 <__malloc_free_list>
    1a9e:	439c                	lw	a5,0(a5)
    1aa0:	eb99                	bnez	a5,1ab6 <_free_r+0x38>
    1aa2:	00042223          	sw	zero,4(s0)
    1aa6:	8281aa23          	sw	s0,-1996(gp) # 200000b4 <__malloc_free_list>
    1aaa:	4422                	lw	s0,8(sp)
    1aac:	40b2                	lw	ra,12(sp)
    1aae:	8526                	mv	a0,s1
    1ab0:	4492                	lw	s1,4(sp)
    1ab2:	0141                	addi	sp,sp,16
    1ab4:	acdd                	j	1daa <__malloc_unlock>
    1ab6:	00f47e63          	bgeu	s0,a5,1ad2 <_free_r+0x54>
    1aba:	4014                	lw	a3,0(s0)
    1abc:	00d40733          	add	a4,s0,a3
    1ac0:	00e79663          	bne	a5,a4,1acc <_free_r+0x4e>
    1ac4:	4398                	lw	a4,0(a5)
    1ac6:	43dc                	lw	a5,4(a5)
    1ac8:	9736                	add	a4,a4,a3
    1aca:	c018                	sw	a4,0(s0)
    1acc:	c05c                	sw	a5,4(s0)
    1ace:	bfe1                	j	1aa6 <_free_r+0x28>
    1ad0:	87ba                	mv	a5,a4
    1ad2:	43d8                	lw	a4,4(a5)
    1ad4:	c319                	beqz	a4,1ada <_free_r+0x5c>
    1ad6:	fee47de3          	bgeu	s0,a4,1ad0 <_free_r+0x52>
    1ada:	4394                	lw	a3,0(a5)
    1adc:	00d78633          	add	a2,a5,a3
    1ae0:	00861f63          	bne	a2,s0,1afe <_free_r+0x80>
    1ae4:	4010                	lw	a2,0(s0)
    1ae6:	96b2                	add	a3,a3,a2
    1ae8:	c394                	sw	a3,0(a5)
    1aea:	00d78633          	add	a2,a5,a3
    1aee:	fac71ee3          	bne	a4,a2,1aaa <_free_r+0x2c>
    1af2:	4310                	lw	a2,0(a4)
    1af4:	4358                	lw	a4,4(a4)
    1af6:	96b2                	add	a3,a3,a2
    1af8:	c394                	sw	a3,0(a5)
    1afa:	c3d8                	sw	a4,4(a5)
    1afc:	b77d                	j	1aaa <_free_r+0x2c>
    1afe:	00c47563          	bgeu	s0,a2,1b08 <_free_r+0x8a>
    1b02:	47b1                	li	a5,12
    1b04:	c09c                	sw	a5,0(s1)
    1b06:	b755                	j	1aaa <_free_r+0x2c>
    1b08:	4010                	lw	a2,0(s0)
    1b0a:	00c406b3          	add	a3,s0,a2
    1b0e:	00d71663          	bne	a4,a3,1b1a <_free_r+0x9c>
    1b12:	4314                	lw	a3,0(a4)
    1b14:	4358                	lw	a4,4(a4)
    1b16:	96b2                	add	a3,a3,a2
    1b18:	c014                	sw	a3,0(s0)
    1b1a:	c058                	sw	a4,4(s0)
    1b1c:	c3c0                	sw	s0,4(a5)
    1b1e:	b771                	j	1aaa <_free_r+0x2c>
    1b20:	8082                	ret

00001b22 <_malloc_r>:
    1b22:	1101                	addi	sp,sp,-32
    1b24:	ca26                	sw	s1,20(sp)
    1b26:	00358493          	addi	s1,a1,3
    1b2a:	98f1                	andi	s1,s1,-4
    1b2c:	ce06                	sw	ra,28(sp)
    1b2e:	cc22                	sw	s0,24(sp)
    1b30:	c84a                	sw	s2,16(sp)
    1b32:	c64e                	sw	s3,12(sp)
    1b34:	04a1                	addi	s1,s1,8
    1b36:	47b1                	li	a5,12
    1b38:	04f4f163          	bgeu	s1,a5,1b7a <_malloc_r+0x58>
    1b3c:	44b1                	li	s1,12
    1b3e:	04b4e063          	bltu	s1,a1,1b7e <_malloc_r+0x5c>
    1b42:	892a                	mv	s2,a0
    1b44:	2495                	jal	1da8 <__malloc_lock>
    1b46:	83418793          	addi	a5,gp,-1996 # 200000b4 <__malloc_free_list>
    1b4a:	4398                	lw	a4,0(a5)
    1b4c:	843a                	mv	s0,a4
    1b4e:	e031                	bnez	s0,1b92 <_malloc_r+0x70>
    1b50:	83818793          	addi	a5,gp,-1992 # 200000b8 <__malloc_sbrk_start>
    1b54:	439c                	lw	a5,0(a5)
    1b56:	e791                	bnez	a5,1b62 <_malloc_r+0x40>
    1b58:	4581                	li	a1,0
    1b5a:	854a                	mv	a0,s2
    1b5c:	2851                	jal	1bf0 <_sbrk_r>
    1b5e:	82a1ac23          	sw	a0,-1992(gp) # 200000b8 <__malloc_sbrk_start>
    1b62:	85a6                	mv	a1,s1
    1b64:	854a                	mv	a0,s2
    1b66:	2069                	jal	1bf0 <_sbrk_r>
    1b68:	59fd                	li	s3,-1
    1b6a:	07351763          	bne	a0,s3,1bd8 <_malloc_r+0xb6>
    1b6e:	47b1                	li	a5,12
    1b70:	00f92023          	sw	a5,0(s2)
    1b74:	854a                	mv	a0,s2
    1b76:	2c15                	jal	1daa <__malloc_unlock>
    1b78:	a029                	j	1b82 <_malloc_r+0x60>
    1b7a:	fc04d2e3          	bgez	s1,1b3e <_malloc_r+0x1c>
    1b7e:	47b1                	li	a5,12
    1b80:	c11c                	sw	a5,0(a0)
    1b82:	4501                	li	a0,0
    1b84:	40f2                	lw	ra,28(sp)
    1b86:	4462                	lw	s0,24(sp)
    1b88:	44d2                	lw	s1,20(sp)
    1b8a:	4942                	lw	s2,16(sp)
    1b8c:	49b2                	lw	s3,12(sp)
    1b8e:	6105                	addi	sp,sp,32
    1b90:	8082                	ret
    1b92:	401c                	lw	a5,0(s0)
    1b94:	8f85                	sub	a5,a5,s1
    1b96:	0207ce63          	bltz	a5,1bd2 <_malloc_r+0xb0>
    1b9a:	46ad                	li	a3,11
    1b9c:	00f6f663          	bgeu	a3,a5,1ba8 <_malloc_r+0x86>
    1ba0:	c01c                	sw	a5,0(s0)
    1ba2:	943e                	add	s0,s0,a5
    1ba4:	c004                	sw	s1,0(s0)
    1ba6:	a031                	j	1bb2 <_malloc_r+0x90>
    1ba8:	405c                	lw	a5,4(s0)
    1baa:	02871263          	bne	a4,s0,1bce <_malloc_r+0xac>
    1bae:	82f1aa23          	sw	a5,-1996(gp) # 200000b4 <__malloc_free_list>
    1bb2:	854a                	mv	a0,s2
    1bb4:	2add                	jal	1daa <__malloc_unlock>
    1bb6:	00b40513          	addi	a0,s0,11
    1bba:	00440793          	addi	a5,s0,4
    1bbe:	9961                	andi	a0,a0,-8
    1bc0:	40f50733          	sub	a4,a0,a5
    1bc4:	d361                	beqz	a4,1b84 <_malloc_r+0x62>
    1bc6:	943a                	add	s0,s0,a4
    1bc8:	8f89                	sub	a5,a5,a0
    1bca:	c01c                	sw	a5,0(s0)
    1bcc:	bf65                	j	1b84 <_malloc_r+0x62>
    1bce:	c35c                	sw	a5,4(a4)
    1bd0:	b7cd                	j	1bb2 <_malloc_r+0x90>
    1bd2:	8722                	mv	a4,s0
    1bd4:	4040                	lw	s0,4(s0)
    1bd6:	bfa5                	j	1b4e <_malloc_r+0x2c>
    1bd8:	00350413          	addi	s0,a0,3
    1bdc:	9871                	andi	s0,s0,-4
    1bde:	fc8503e3          	beq	a0,s0,1ba4 <_malloc_r+0x82>
    1be2:	40a405b3          	sub	a1,s0,a0
    1be6:	854a                	mv	a0,s2
    1be8:	2021                	jal	1bf0 <_sbrk_r>
    1bea:	fb351de3          	bne	a0,s3,1ba4 <_malloc_r+0x82>
    1bee:	b741                	j	1b6e <_malloc_r+0x4c>

00001bf0 <_sbrk_r>:
    1bf0:	1141                	addi	sp,sp,-16
    1bf2:	c422                	sw	s0,8(sp)
    1bf4:	842a                	mv	s0,a0
    1bf6:	852e                	mv	a0,a1
    1bf8:	1601a623          	sw	zero,364(gp) # 200009ec <errno>
    1bfc:	c606                	sw	ra,12(sp)
    1bfe:	eeeff0ef          	jal	ra,12ec <_sbrk>
    1c02:	57fd                	li	a5,-1
    1c04:	00f51763          	bne	a0,a5,1c12 <_sbrk_r+0x22>
    1c08:	16c18793          	addi	a5,gp,364 # 200009ec <errno>
    1c0c:	439c                	lw	a5,0(a5)
    1c0e:	c391                	beqz	a5,1c12 <_sbrk_r+0x22>
    1c10:	c01c                	sw	a5,0(s0)
    1c12:	40b2                	lw	ra,12(sp)
    1c14:	4422                	lw	s0,8(sp)
    1c16:	0141                	addi	sp,sp,16
    1c18:	8082                	ret

00001c1a <__sread>:
    1c1a:	1141                	addi	sp,sp,-16
    1c1c:	c422                	sw	s0,8(sp)
    1c1e:	842e                	mv	s0,a1
    1c20:	00e59583          	lh	a1,14(a1)
    1c24:	c606                	sw	ra,12(sp)
    1c26:	2259                	jal	1dac <_read_r>
    1c28:	00054963          	bltz	a0,1c3a <__sread+0x20>
    1c2c:	487c                	lw	a5,84(s0)
    1c2e:	97aa                	add	a5,a5,a0
    1c30:	c87c                	sw	a5,84(s0)
    1c32:	40b2                	lw	ra,12(sp)
    1c34:	4422                	lw	s0,8(sp)
    1c36:	0141                	addi	sp,sp,16
    1c38:	8082                	ret
    1c3a:	00c45783          	lhu	a5,12(s0)
    1c3e:	777d                	lui	a4,0xfffff
    1c40:	177d                	addi	a4,a4,-1
    1c42:	8ff9                	and	a5,a5,a4
    1c44:	00f41623          	sh	a5,12(s0)
    1c48:	b7ed                	j	1c32 <__sread+0x18>

00001c4a <__swrite>:
    1c4a:	00c5d783          	lhu	a5,12(a1)
    1c4e:	1101                	addi	sp,sp,-32
    1c50:	cc22                	sw	s0,24(sp)
    1c52:	ca26                	sw	s1,20(sp)
    1c54:	c84a                	sw	s2,16(sp)
    1c56:	c64e                	sw	s3,12(sp)
    1c58:	ce06                	sw	ra,28(sp)
    1c5a:	1007f793          	andi	a5,a5,256
    1c5e:	84aa                	mv	s1,a0
    1c60:	842e                	mv	s0,a1
    1c62:	8932                	mv	s2,a2
    1c64:	89b6                	mv	s3,a3
    1c66:	c791                	beqz	a5,1c72 <__swrite+0x28>
    1c68:	00e59583          	lh	a1,14(a1)
    1c6c:	4689                	li	a3,2
    1c6e:	4601                	li	a2,0
    1c70:	2231                	jal	1d7c <_lseek_r>
    1c72:	00c45783          	lhu	a5,12(s0)
    1c76:	777d                	lui	a4,0xfffff
    1c78:	177d                	addi	a4,a4,-1
    1c7a:	8ff9                	and	a5,a5,a4
    1c7c:	00f41623          	sh	a5,12(s0)
    1c80:	00e41583          	lh	a1,14(s0)
    1c84:	4462                	lw	s0,24(sp)
    1c86:	40f2                	lw	ra,28(sp)
    1c88:	86ce                	mv	a3,s3
    1c8a:	864a                	mv	a2,s2
    1c8c:	49b2                	lw	s3,12(sp)
    1c8e:	4942                	lw	s2,16(sp)
    1c90:	8526                	mv	a0,s1
    1c92:	44d2                	lw	s1,20(sp)
    1c94:	6105                	addi	sp,sp,32
    1c96:	a83d                	j	1cd4 <_write_r>

00001c98 <__sseek>:
    1c98:	1141                	addi	sp,sp,-16
    1c9a:	c422                	sw	s0,8(sp)
    1c9c:	842e                	mv	s0,a1
    1c9e:	00e59583          	lh	a1,14(a1)
    1ca2:	c606                	sw	ra,12(sp)
    1ca4:	28e1                	jal	1d7c <_lseek_r>
    1ca6:	57fd                	li	a5,-1
    1ca8:	00c45703          	lhu	a4,12(s0)
    1cac:	00f51b63          	bne	a0,a5,1cc2 <__sseek+0x2a>
    1cb0:	77fd                	lui	a5,0xfffff
    1cb2:	17fd                	addi	a5,a5,-1
    1cb4:	8ff9                	and	a5,a5,a4
    1cb6:	00f41623          	sh	a5,12(s0)
    1cba:	40b2                	lw	ra,12(sp)
    1cbc:	4422                	lw	s0,8(sp)
    1cbe:	0141                	addi	sp,sp,16
    1cc0:	8082                	ret
    1cc2:	6785                	lui	a5,0x1
    1cc4:	8fd9                	or	a5,a5,a4
    1cc6:	00f41623          	sh	a5,12(s0)
    1cca:	c868                	sw	a0,84(s0)
    1ccc:	b7fd                	j	1cba <__sseek+0x22>

00001cce <__sclose>:
    1cce:	00e59583          	lh	a1,14(a1)
    1cd2:	a805                	j	1d02 <_close_r>

00001cd4 <_write_r>:
    1cd4:	1141                	addi	sp,sp,-16
    1cd6:	c422                	sw	s0,8(sp)
    1cd8:	842a                	mv	s0,a0
    1cda:	852e                	mv	a0,a1
    1cdc:	85b2                	mv	a1,a2
    1cde:	8636                	mv	a2,a3
    1ce0:	1601a623          	sw	zero,364(gp) # 200009ec <errno>
    1ce4:	c606                	sw	ra,12(sp)
    1ce6:	dccff0ef          	jal	ra,12b2 <_write>
    1cea:	57fd                	li	a5,-1
    1cec:	00f51763          	bne	a0,a5,1cfa <_write_r+0x26>
    1cf0:	16c18793          	addi	a5,gp,364 # 200009ec <errno>
    1cf4:	439c                	lw	a5,0(a5)
    1cf6:	c391                	beqz	a5,1cfa <_write_r+0x26>
    1cf8:	c01c                	sw	a5,0(s0)
    1cfa:	40b2                	lw	ra,12(sp)
    1cfc:	4422                	lw	s0,8(sp)
    1cfe:	0141                	addi	sp,sp,16
    1d00:	8082                	ret

00001d02 <_close_r>:
    1d02:	1141                	addi	sp,sp,-16
    1d04:	c422                	sw	s0,8(sp)
    1d06:	842a                	mv	s0,a0
    1d08:	852e                	mv	a0,a1
    1d0a:	1601a623          	sw	zero,364(gp) # 200009ec <errno>
    1d0e:	c606                	sw	ra,12(sp)
    1d10:	20e1                	jal	1dd8 <_close>
    1d12:	57fd                	li	a5,-1
    1d14:	00f51763          	bne	a0,a5,1d22 <_close_r+0x20>
    1d18:	16c18793          	addi	a5,gp,364 # 200009ec <errno>
    1d1c:	439c                	lw	a5,0(a5)
    1d1e:	c391                	beqz	a5,1d22 <_close_r+0x20>
    1d20:	c01c                	sw	a5,0(s0)
    1d22:	40b2                	lw	ra,12(sp)
    1d24:	4422                	lw	s0,8(sp)
    1d26:	0141                	addi	sp,sp,16
    1d28:	8082                	ret

00001d2a <_fstat_r>:
    1d2a:	1141                	addi	sp,sp,-16
    1d2c:	c422                	sw	s0,8(sp)
    1d2e:	842a                	mv	s0,a0
    1d30:	852e                	mv	a0,a1
    1d32:	85b2                	mv	a1,a2
    1d34:	1601a623          	sw	zero,364(gp) # 200009ec <errno>
    1d38:	c606                	sw	ra,12(sp)
    1d3a:	206d                	jal	1de4 <_fstat>
    1d3c:	57fd                	li	a5,-1
    1d3e:	00f51763          	bne	a0,a5,1d4c <_fstat_r+0x22>
    1d42:	16c18793          	addi	a5,gp,364 # 200009ec <errno>
    1d46:	439c                	lw	a5,0(a5)
    1d48:	c391                	beqz	a5,1d4c <_fstat_r+0x22>
    1d4a:	c01c                	sw	a5,0(s0)
    1d4c:	40b2                	lw	ra,12(sp)
    1d4e:	4422                	lw	s0,8(sp)
    1d50:	0141                	addi	sp,sp,16
    1d52:	8082                	ret

00001d54 <_isatty_r>:
    1d54:	1141                	addi	sp,sp,-16
    1d56:	c422                	sw	s0,8(sp)
    1d58:	842a                	mv	s0,a0
    1d5a:	852e                	mv	a0,a1
    1d5c:	1601a623          	sw	zero,364(gp) # 200009ec <errno>
    1d60:	c606                	sw	ra,12(sp)
    1d62:	2079                	jal	1df0 <_isatty>
    1d64:	57fd                	li	a5,-1
    1d66:	00f51763          	bne	a0,a5,1d74 <_isatty_r+0x20>
    1d6a:	16c18793          	addi	a5,gp,364 # 200009ec <errno>
    1d6e:	439c                	lw	a5,0(a5)
    1d70:	c391                	beqz	a5,1d74 <_isatty_r+0x20>
    1d72:	c01c                	sw	a5,0(s0)
    1d74:	40b2                	lw	ra,12(sp)
    1d76:	4422                	lw	s0,8(sp)
    1d78:	0141                	addi	sp,sp,16
    1d7a:	8082                	ret

00001d7c <_lseek_r>:
    1d7c:	1141                	addi	sp,sp,-16
    1d7e:	c422                	sw	s0,8(sp)
    1d80:	842a                	mv	s0,a0
    1d82:	852e                	mv	a0,a1
    1d84:	85b2                	mv	a1,a2
    1d86:	8636                	mv	a2,a3
    1d88:	1601a623          	sw	zero,364(gp) # 200009ec <errno>
    1d8c:	c606                	sw	ra,12(sp)
    1d8e:	20bd                	jal	1dfc <_lseek>
    1d90:	57fd                	li	a5,-1
    1d92:	00f51763          	bne	a0,a5,1da0 <_lseek_r+0x24>
    1d96:	16c18793          	addi	a5,gp,364 # 200009ec <errno>
    1d9a:	439c                	lw	a5,0(a5)
    1d9c:	c391                	beqz	a5,1da0 <_lseek_r+0x24>
    1d9e:	c01c                	sw	a5,0(s0)
    1da0:	40b2                	lw	ra,12(sp)
    1da2:	4422                	lw	s0,8(sp)
    1da4:	0141                	addi	sp,sp,16
    1da6:	8082                	ret

00001da8 <__malloc_lock>:
    1da8:	8082                	ret

00001daa <__malloc_unlock>:
    1daa:	8082                	ret

00001dac <_read_r>:
    1dac:	1141                	addi	sp,sp,-16
    1dae:	c422                	sw	s0,8(sp)
    1db0:	842a                	mv	s0,a0
    1db2:	852e                	mv	a0,a1
    1db4:	85b2                	mv	a1,a2
    1db6:	8636                	mv	a2,a3
    1db8:	1601a623          	sw	zero,364(gp) # 200009ec <errno>
    1dbc:	c606                	sw	ra,12(sp)
    1dbe:	20a9                	jal	1e08 <_read>
    1dc0:	57fd                	li	a5,-1
    1dc2:	00f51763          	bne	a0,a5,1dd0 <_read_r+0x24>
    1dc6:	16c18793          	addi	a5,gp,364 # 200009ec <errno>
    1dca:	439c                	lw	a5,0(a5)
    1dcc:	c391                	beqz	a5,1dd0 <_read_r+0x24>
    1dce:	c01c                	sw	a5,0(s0)
    1dd0:	40b2                	lw	ra,12(sp)
    1dd2:	4422                	lw	s0,8(sp)
    1dd4:	0141                	addi	sp,sp,16
    1dd6:	8082                	ret

00001dd8 <_close>:
    1dd8:	05800793          	li	a5,88
    1ddc:	16f1a623          	sw	a5,364(gp) # 200009ec <errno>
    1de0:	557d                	li	a0,-1
    1de2:	8082                	ret

00001de4 <_fstat>:
    1de4:	05800793          	li	a5,88
    1de8:	16f1a623          	sw	a5,364(gp) # 200009ec <errno>
    1dec:	557d                	li	a0,-1
    1dee:	8082                	ret

00001df0 <_isatty>:
    1df0:	05800793          	li	a5,88
    1df4:	16f1a623          	sw	a5,364(gp) # 200009ec <errno>
    1df8:	4501                	li	a0,0
    1dfa:	8082                	ret

00001dfc <_lseek>:
    1dfc:	05800793          	li	a5,88
    1e00:	16f1a623          	sw	a5,364(gp) # 200009ec <errno>
    1e04:	557d                	li	a0,-1
    1e06:	8082                	ret

00001e08 <_read>:
    1e08:	05800793          	li	a5,88
    1e0c:	16f1a623          	sw	a5,364(gp) # 200009ec <errno>
    1e10:	557d                	li	a0,-1
    1e12:	8082                	ret
    1e14:	7645                	lui	a2,0xffff1
    1e16:	7265                	lui	tp,0xffff9
    1e18:	2079                	jal	1ea6 <__sf_fake_stdin+0xe>
    1e1a:	6f636553          	0x6f636553
    1e1e:	646e                	flw	fs0,216(sp)
    1e20:	000d                	c.nop	3
    1e22:	0000                	unimp
    1e24:	4f495047          	fmsub.q	ft0,fs2,fs4,fs1,unknown
    1e28:	4920                	lw	s0,80(a0)
    1e2a:	696e                	flw	fs2,216(sp)
    1e2c:	2074                	fld	fa3,192(s0)
    1e2e:	6f64                	flw	fs1,92(a4)
    1e30:	656e                	flw	fa0,216(sp)
    1e32:	0000                	unimp
    1e34:	6552                	flw	fa0,20(sp)
    1e36:	7574                	flw	fa3,108(a0)
    1e38:	6e72                	flw	ft8,28(sp)
    1e3a:	7420                	flw	fs0,104(s0)
    1e3c:	616d206f          	j	d4452 <_data_lma+0xd257a>
    1e40:	6e69                	lui	t3,0x1a
    1e42:	6c20                	flw	fs0,88(s0)
    1e44:	00706f6f          	jal	t5,864a <_data_lma+0x6772>
    1e48:	5750                	lw	a2,44(a4)
    1e4a:	204d                	jal	1eec <_data_lma+0x14>
    1e4c:	6e69                	lui	t3,0x1a
    1e4e:	7469                	lui	s0,0xffffa
    1e50:	6169                	addi	sp,sp,208
    1e52:	696c                	flw	fa1,84(a0)
    1e54:	657a                	flw	fa0,156(sp)
    1e56:	2064                	fld	fs1,192(s0)
    1e58:	2040                	fld	fs0,128(s0)
    1e5a:	6b203933          	0x6b203933
    1e5e:	7a48                	flw	fa0,52(a2)
    1e60:	2820                	fld	fs0,80(s0)
    1e62:	3038                	fld	fa4,96(s0)
    1e64:	4d20                	lw	s0,88(a0)
    1e66:	7a48                	flw	fa0,52(a2)
    1e68:	6320                	flw	fs0,64(a4)
    1e6a:	6f6c                	flw	fa1,92(a4)
    1e6c:	2c296b63          	bltu	s2,sp,2142 <_data_lma+0x26a>
    1e70:	5020                	lw	s0,96(s0)
    1e72:	3841                	jal	1702 <_fflush_r+0x4>
    1e74:	0000                	unimp
	...

00001e78 <__sf_fake_stderr>:
	...

00001e98 <__sf_fake_stdin>:
	...

00001eb8 <__sf_fake_stdout>:
	...
